train,valid,test
mp-16488,mp-21879,mp-11547
mp-23711,mp-1607,mp-635460
mp-472,mp-561075,mp-11594
mp-9440,mp-22899,mp-1018645
mp-1018726,mp-3210,mp-13910
mp-1001833,mp-12783,mp-29731
mp-4731,mp-3464,mp-1865
mp-15783,mp-9810,mp-636273
mp-11806,mp-8612,mp-5019
mp-15254,mp-20086,mp-541196
mp-7575,mp-1651,mp-2472
mp-561490,mp-29623,mp-560399
mp-31383,mp-11582,mp-23703
mp-30494,mp-545481,mp-1919
mp-999079,mp-1786,mp-553432
mp-8481,mp-19133,mp-7079
mp-510404,mp-30208,mp-583
mp-3676,mp-22253,mp-13948
mp-1009655,mp-31468,mp-11307
mp-7232,mp-5175,mp-10423
mp-9479,mp-4653,mp-8181
mp-31055,mp-1608,mp-1280
mp-7420,mp-2291,mp-22853
mp-408,mp-22220,mp-28919
mp-2302,mp-568865,mp-12763
mp-1018142,mp-1019262,mp-3717
mp-2422,mp-22735,mp-2491
mp-19198,mp-6754,mp-30799
mp-38,mp-21907,mp-3020
mp-973571,mp-1138,mp-13686
mp-10734,mp-2030,mp-335
mp-614013,mp-22240,mp-22987
mp-1132,mp-10848,mp-10228
mp-30865,mp-27246,mp-9350
mp-6326,mp-2602,mp-10623
mp-4992,mp-2390,mp-1017519
mp-1704,mp-20987,mp-1001827
mp-21495,mp-2103,mp-504543
mp-4586,mp-27660,mp-193
mp-569974,mp-30053,mp-9587
mp-7935,mp-9223,mp-2414
mp-54,mp-1877,mp-27718
mp-1961,mp-4633,mp-22426
mp-763,mp-505531,mp-567929
mp-1007852,mp-5982,mp-23485
mp-11416,mp-2750,mp-9574
mp-12875,mp-23302,mp-4939
mp-23036,mp-7162,mp-1001790
mp-568346,mp-12063,mp-29873
mp-21445,mp-3363,mp-1028
mp-1017,mp-567809,mp-27505
mp-2807,mp-22637,mp-1085
mp-21347,mp-7467,mp-2741
mp-10847,mp-571619,mp-1472
mp-542915,mp-20066,mp-4342
mp-1234,mp-562,mp-9166
mp-553308,mp-20787,mp-1009078
mp-23253,mp-12957,mp-570751
mp-863723,mp-362,mp-2698
mp-1798,mp-541837,mp-1018786
mp-5866,mp-1017582,mp-2056
mp-1885,mp-31059,mp-17659
mp-11493,mp-978986,mp-999133
mp-12962,mp-20180,mp-522
mp-20119,mp-22598,mp-10991
mp-30625,mp-556417,mp-2173
mp-5529,mp-8418,mp-1822
mp-2345,mp-1655,mp-1008702
mp-20689,mp-568636,mp-7909
mp-1001837,mp-568695,mp-1008820
mp-12061,mp-568823,mp-5025
mp-2573,mp-23260,mp-600428
mp-24096,mp-815,mp-19141
mp-6633,mp-556487,mp-13801
mp-22909,mp-13525,mp-7470
mp-11385,mp-30598,mp-5773
mp-1001826,mp-7929,mp-10219
mp-11147,mp-5606,mp-561258
mp-3239,mp-4364,mp-27828
mp-4262,mp-8637,mp-552934
mp-2776,mp-2990,mp-20112
mp-23173,mp-1929,mp-2286
mp-541840,mp-8285,mp-23714
mp-568186,mp-767,mp-12956
mp-545344,mp-11537,mp-23201
mp-2063,mp-5112,mp-4955
mp-7829,mp-23301,mp-2150
mp-1644,mp-567891,mp-9127
mp-20147,mp-568286,mp-1009694
mp-603,mp-571443,mp-510198
mp-30684,mp-567354,mp-10417
mp-2525,mp-565,mp-1306
mp-618991,mp-10614,mp-24151
mp-1019279,mp-568436,mp-286
mp-1840,mp-1208,mp-20551
mp-1002230,mp-4322,mp-12903
mp-999060,mp-788,mp-1009827
mp-558050,mp-1018692,mp-1941
mp-2203,mp-19962,mp-5869
mp-2979,mp-10426,mp-22558
mp-19773,mp-12268,mp-27579
mp-6613,mp-4405,mp-999295
mp-567817,mp-22610,mp-777413
mp-2306,mp-219,mp-7438
mp-5760,mp-16646,mp-10037
mp-8311,mp-66,mp-30686
mp-654812,mp-1415,mp-629458
mp-142,mp-1975,mp-505781
mp-2090,mp-7868,mp-3467
mp-11335,mp-571330,mp-34903
mp-10069,mp-7859,mp-12537
mp-1076,mp-28591,mp-4779
mp-1602,mp-11816,mp-5767
mp-16828,mp-569149,mp-10020
mp-1007691,mp-9517,mp-19146
mp-1018029,mp-28174,mp-451
mp-22320,mp-443,mp-1045
mp-20335,mp-675626,mp-1018783
mp-569724,mp-2542,mp-22029
mp-1329,mp-23353,mp-30943
mp-4613,mp-24517,mp-5589
mp-915,mp-10903,mp-29771
mp-10952,mp-1009834,mp-11621
mp-13041,mp-1009264,mp-2301
mp-4883,mp-571216,mp-573658
mp-10183,mp-21471,mp-3166
mp-20469,mp-22881,mp-12908
mp-1009488,mp-20228,mp-846
mp-867335,mp-7497,mp-4813
mp-4529,mp-5456,mp-20805
mp-20753,mp-1702,mp-8452
mp-28069,mp-30726,mp-8560
mp-20552,mp-560236,mp-15845
mp-2267,mp-10105,mp-8093
mp-4180,mp-15793,mp-975423
mp-2057,mp-8623,mp-12550
mp-255,mp-976291,mp-559
mp-5839,mp-3081,mp-570604
mp-9839,mp-559390,mp-3838
mp-1018070,mp-12414,mp-9872
mp-556094,mp-2614,mp-504825
mp-10667,mp-23279,mp-15856
mp-15053,mp-569833,mp-864954
mp-2664,mp-558378,mp-569007
mp-30234,mp-811,mp-2154
mp-1101,mp-118,mp-22749
mp-22513,mp-692,mp-12388
mp-5853,mp-12725,mp-10760
mp-571011,mp-9387,mp-1232
mp-10624,mp-7639,mp-4962
mp-783905,mp-12798,mp-22691
mp-4899,mp-754672,mp-23195
mp-1019087,mp-690785,mp-549487
mp-504687,mp-19247,mp-2806
mp-622990,mp-7168,mp-13200
mp-569051,mp-20379,mp-22284
mp-13660,mp-23803,mp-1925
mp-10849,mp-3190,mp-632296
mp-21371,mp-10120,mp-30670
mp-4823,mp-12750,mp-3405
mp-569610,mp-22957,mp-6953
mp-13513,mp-11248,mp-1210
mp-1008284,mp-21309,mp-1018780
mp-15556,mp-1018850,mp-999389
mp-7173,mp-5158,mp-881
mp-1105,mp-1570,mp-1984
mp-3050,mp-998982,mp-27827
mp-12177,mp-22631,mp-23053
mp-634431,mp-242,mp-20400
mp-13399,mp-3799,mp-20097
mp-569364,mp-30340,mp-30790
mp-636328,mp-30815,mp-2221
mp-571461,mp-22617,mp-1468
mp-13160,mp-2495,mp-672234
mp-5166,mp-4230,mp-972680
mp-1008733,mp-15179,mp-980193
mp-14038,mp-31178,mp-2098
mp-2977,mp-5394,mp-560340
mp-9177,mp-30621,mp-568333
mp-2263,mp-554799,mp-3988
mp-19895,mp-2577,mp-7823
mp-27632,mp-999189,mp-1018770
mp-20897,mp-5015,mp-1774
mp-30760,mp-1604,mp-20385
mp-558411,mp-1009218,mp-16740
mp-571193,mp-28568,mp-11366
mp-21028,mp-12669,mp-29149
mp-14344,mp-13175,mp-6915
mp-31900,mp-8543,mp-2159
mp-1018089,mp-11236,mp-21215
mp-4852,mp-551685,mp-567679
mp-4321,mp-13450,mp-1265
mp-1009493,mp-1019052,mp-3155
mp-13092,mp-30410,mp-11576
mp-1009009,mp-7586,mp-22889
mp-6950,mp-567912,mp-555506
mp-7105,mp-15316,mp-20840
mp-570747,mp-10175,mp-3216
mp-11284,mp-32548,mp-10698
mp-11487,mp-143,mp-11249
mp-1010953,mp-505803,mp-16035
mp-568232,mp-1001581,mp-553248
mp-3721,mp-1249,mp-570998
mp-24045,mp-22707,mp-31018
mp-910,mp-2674,mp-16529
mp-16548,mp-20821,mp-604321
mp-10895,mp-8642,mp-1018679
mp-8799,mp-5213,mp-1009548
mp-567362,mp-1723,mp-603251
mp-606949,mp-571458,mp-12277
mp-30651,mp-29652,mp-1007821
mp-23309,mp-644223,mp-10695
mp-643257,mp-126,mp-6094
mp-20122,mp-20158,mp-5692
mp-1018810,mp-614006,mp-9068
mp-696166,mp-33,mp-1963
mp-1009131,mp-13463,mp-9453
mp-10421,mp-1018725,mp-5149
mp-607111,mp-91,mp-8880
mp-950995,mp-1018020,mp-13132
mp-7770,mp-30672,mp-7086
mp-2470,mp-3642,mp-1852
mp-4881,mp-571211,mp-999197
mp-5597,mp-27226,mp-1459
mp-1006146,mp-1019255,mp-7915
mp-569752,mp-2118,mp-30451
mp-8017,mp-29763,mp-2825
mp-2310,mp-12520,mp-19138
mp-18943,mp-557713,mp-7875
mp-30395,mp-593,mp-1018102
mp-18819,mp-547244,mp-21029
mp-672698,mp-4343,mp-1700
mp-568619,mp-30877,mp-540957
mp-12103,mp-11754,mp-23004
mp-30586,mp-5377,mp-3970
mp-18707,mp-16482,mp-22919
mp-7752,mp-4475,mp-28895
mp-2059,mp-415,mp-567441
mp-12359,mp-8868,mp-549158
mp-22418,mp-8622,mp-2578
mp-22414,mp-30180,mp-1903
mp-6938,mp-1995,mp-3053
mp-2385,mp-29207,mp-21297
mp-9595,mp-559931,mp-21469
mp-11583,mp-571454,mp-20083
mp-865,mp-12716,mp-2116
mp-1279,mp-10525,mp-1008653
mp-628606,mp-510488,mp-1009593
mp-1008225,mp-36248,mp-8677
mp-29419,mp-11883,mp-11562
mp-9973,mp-27691,mp-568005
mp-18093,mp-11718,mp-32311
mp-567116,mp-23282,mp-4531
mp-998970,mp-2338,mp-557483
mp-23350,mp-999076,mp-1432
mp-15619,mp-19777,mp-8200
mp-2265,mp-30339,mp-31348
mp-427,mp-29920,mp-999274
mp-1009087,mp-30433,mp-931
mp-24292,mp-22941,mp-999446
mp-569484,mp-546621,mp-661
mp-553875,mp-22888,mp-556788
mp-11947,mp-977559,mp-2341
mp-5921,mp-7140,mp-341
mp-1883,mp-1783,mp-12427
mp-12564,mp-569674,mp-30635
mp-24428,mp-2509,mp-5238
mp-753619,mp-29342,mp-2406
mp-1935,mp-23846,mp-20512
mp-10892,mp-2269,mp-4520
mp-1009582,mp-568595,mp-21026
mp-2795,mp-568555,mp-6997
mp-7910,mp-639910,mp-29136
mp-3758,mp-3078,mp-28150
mp-20913,mp-3255,mp-1780
mp-510346,mp-10965,mp-30787
mp-30603,mp-15960,mp-672289
mp-2802,mp-15617,mp-1009207
mp-973088,mp-27757,mp-8605
mp-4668,mp-567290,mp-11507
mp-22912,mp-1949,mp-10597
mp-10443,mp-10784,mp-570837
mp-1915,mp-644497,mp-20004
mp-554769,mp-540809,mp-1514
mp-10630,mp-998866,mp-12990
mp-3896,mp-4226,mp-19955
mp-10322,mp-410,mp-23807
mp-9076,mp-7433,mp-1674
mp-1294,mp-27471,mp-574239
mp-20027,mp-1572,mp-571485
mp-4229,mp-11461,mp-976
mp-6919,mp-1560,mp-8800
mp-8654,mp-5676,mp-27768
mp-505244,mp-570157,mp-567705
mp-27507,mp-569008,mp-1994
mp-644389,mp-1595,mp-570698
mp-7870,mp-17695,mp-27138
mp-7169,mp-406,mp-1009731
mp-640708,mp-7621,mp-616575
mp-13272,mp-11421,mp-568137
mp-20887,mp-1439,mp-4088
mp-7940,mp-1002181,mp-19906
mp-2652,mp-11400,mp-569128
mp-1008669,mp-4681,mp-11329
mp-19809,mp-33365,mp-499
mp-1523,mp-1356,mp-19973
mp-16493,mp-12703,mp-7
mp-4854,mp-2133,mp-11531
mp-5124,mp-998973,mp-4483
mp-429,mp-3829,mp-510076
mp-2797,mp-2403,mp-1747
mp-1565,mp-3953,mp-8648
mp-9029,mp-20382,mp-6947
mp-4156,mp-18876,mp-1869
mp-569426,mp-641923,mp-30209
mp-1001612,mp-30595,mp-15639
mp-725,mp-558798,mp-2483
mp-39,mp-10877,mp-31141
mp-971837,mp-11411,mp-15955
mp-24287,mp-7559,mp-572283
mp-18856,mp-20619,mp-22660
mp-7927,mp-3372,mp-504723
mp-22276,mp-1002122,mp-623646
mp-2863,mp-610,mp-4930
mp-573563,mp-1475,mp-643431
mp-3654,mp-568809,mp-570826
mp-999068,mp-1008635,mp-30455
mp-23,mp-21336,mp-4595
mp-6459,mp-95,mp-10632
mp-27577,mp-18939,mp-2091
mp-2677,mp-642363,mp-5410
mp-12480,mp-30426,mp-10699
mp-2967,mp-1019277,mp-560553
mp-2361,mp-2254,mp-31349
mp-23791,mp-11597,mp-4856
mp-8487,mp-11260,mp-505822
mp-12071,mp-15922,mp-10748
mp-669917,mp-3455,mp-1566
mp-643718,mp-30835,mp-8462
mp-23330,mp-7377,mp-9586
mp-568398,mp-10853,mp-11755
mp-510409,mp-4626,mp-16495
mp-1201,mp-505331,mp-10885
mp-1008554,mp-560242,mp-27478
mp-4001,mp-646507,mp-5538
mp-1008924,mp-7228,mp-1913
mp-604908,mp-2909,mp-22687
mp-505215,mp-7739,mp-3527
mp-517,mp-51,mp-31498
mp-569802,mp-23171,mp-30383
mp-22302,mp-1069,mp-2482
mp-9950,mp-6223,mp-560119
mp-570686,mp-23219,mp-1018649
mp-22662,mp-559044,mp-570775
mp-19724,mp-891,mp-702
mp-9010,mp-30354,mp-3576
mp-11113,mp-1002117,mp-9947
mp-1008224,mp-300,mp-568055
mp-4666,mp-10194,mp-20487
mp-12029,mp-2318,mp-9880
mp-2340,mp-4014,mp-672374
mp-20001,mp-2592,mp-10260
mp-28731,mp-21096,mp-10009
mp-22898,mp-19140,mp-7771
mp-18919,mp-30182,mp-8742
mp-7644,mp-569396,mp-10061
mp-9125,mp-11520,mp-542595
mp-18712,mp-7434,mp-13068
mp-19817,mp-10110,mp-25469
mp-29750,mp-16731,mp-11412
mp-11269,mp-29585,mp-557523
mp-3098,mp-21023,mp-12761
mp-4828,mp-21031,mp-568596
mp-10148,mp-985440,mp-568560
mp-30161,mp-2965,mp-1603
mp-23184,mp-829,mp-11466
mp-11644,mp-11266,mp-16566
mp-567220,mp-7885,mp-10739
mp-2352,mp-8978,mp-505216
mp-31011,mp-11957,mp-14793
mp-10008,mp-30954,mp-140
mp-104,mp-12108,mp-13149
mp-29816,mp-2000,mp-5012
mp-11228,mp-1016197,mp-3138
mp-22287,mp-8136,mp-1008688
mp-20725,mp-1018040,mp-582
mp-7822,mp-7435,mp-30139
mp-12070,mp-27823,mp-31147
mp-570677,mp-971,mp-10670
mp-1601,mp-1735,mp-1009734
mp-7924,mp-3055,mp-604313
mp-7381,mp-11263,mp-1513
mp-1672,mp-4711,mp-3207
mp-741,mp-559264,mp-541487
mp-10652,mp-20979,mp-982261
mp-2618,mp-13498,mp-30481
mp-1948,mp-2958,mp-11919
mp-12674,mp-551250,mp-6560
mp-15803,mp-4552,mp-6973
mp-690760,mp-2194,mp-11401
mp-4181,mp-562102,mp-3488
mp-1001019,mp-22510,mp-3092
mp-616378,mp-800,mp-10010
mp-743,mp-558059,mp-22692
mp-19988,mp-559612,mp-546079
mp-7832,mp-159,mp-1018902
mp-4964,mp-20489,mp-574283
mp-12734,mp-1018717,mp-9744
mp-12630,mp-697126,mp-20061
mp-11287,mp-5106,mp-23247
mp-31186,mp-5720,mp-2234
mp-13085,mp-12752,mp-2264
mp-999496,mp-13322,mp-4056
mp-29088,mp-1008901,mp-2180
mp-8842,mp-22673,mp-31219
mp-2449,mp-11879,mp-8547
mp-10055,mp-999047,mp-16517
mp-567412,mp-318,mp-1823
mp-11259,mp-5137,mp-9027
mp-542172,mp-510625,mp-1778
mp-3497,mp-19,mp-1391
mp-28270,mp-16730,mp-29111
mp-352,mp-23907,mp-8431
mp-570845,mp-605663,mp-978278
mp-14753,mp-991,mp-569366
mp-9561,mp-7964,mp-1017508
mp-552292,mp-567842,mp-560767
mp-999263,mp-8306,mp-542583
mp-5284,mp-6008,mp-31153
mp-8020,mp-568920,mp-27972
mp-16053,mp-4611,mp-20822
mp-12100,mp-419,mp-971914
mp-11553,mp-16052,mp-173
mp-9956,mp-1018060,mp-19142
mp-22375,mp-20994,mp-548658
mp-28110,mp-555056,mp-9382
mp-505540,mp-23319,mp-9212
mp-1235,mp-2879,mp-2117
mp-20932,mp-505554,mp-559276
mp-9902,mp-9198,mp-505572
mp-12086,mp-5223,mp-569204
mp-505824,mp-3264,mp-527
mp-571352,mp-8540,mp-540839
mp-13082,mp-10918,mp-19443
mp-28665,mp-7655,mp-1070
mp-22072,mp-556084,mp-8145
mp-7911,mp-9463,mp-627439
mp-10890,mp-999298,mp-2317
mp-7954,mp-2706,mp-570150
mp-3700,mp-22722,mp-5190
mp-12608,mp-31326,mp-1018088
mp-555,mp-13536,mp-999096
mp-21464,mp-2417,mp-15896
mp-1799,mp-7955,mp-8102
mp-695998,mp-560037,mp-31502
mp-22950,mp-1019380,mp-567772
mp-1296,mp-1018128,mp-2331
mp-20750,mp-1019109,mp-3736
mp-2670,mp-4083,mp-2533
mp-570632,mp-2998,mp-30661
mp-67,mp-603640,mp-1018012
mp-19260,mp-556382,mp-547271
mp-4384,mp-4302,mp-561067
mp-17481,mp-11572,mp-24504
mp-1018936,mp-19830,mp-607371
mp-8962,mp-1018724,mp-505527
mp-762,mp-5577,mp-23072
mp-3635,mp-12651,mp-24095
mp-21449,mp-27678,mp-1018161
mp-14549,mp-19330,mp-379
mp-20800,mp-29151,mp-8982
mp-30871,mp-4391,mp-634859
mp-21038,mp-568306,mp-9743
mp-4073,mp-7755,mp-1018652
mp-7973,mp-3211,mp-568592
mp-1038,mp-2125,mp-1016999
mp-9262,mp-3499,mp-10266
mp-13074,mp-5486,mp-8537
mp-29056,mp-1380,mp-965
mp-569624,mp-22817,mp-90
mp-5693,mp-12580,mp-7692
mp-567203,mp-2752,mp-9075
mp-1019108,mp-20901,mp-617
mp-1361,mp-30469,mp-1969
mp-2808,mp-5795,mp-510456
mp-28395,mp-49,mp-571440
mp-10755,mp-3466,mp-2758
mp-567551,mp-672265,mp-570179
mp-99,mp-13679,mp-3854
mp-20344,mp-9925,mp-10676
mp-2028,mp-30798,mp-9582
mp-1008785,mp-504600,mp-555064
mp-18918,mp-21422,mp-551758
mp-1866,mp-557938,mp-15697
mp-11270,mp-742,mp-30151
mp-10293,mp-1018656,mp-21415
mp-6847,mp-5475,mp-11514
mp-16297,mp-7928,mp-570553
mp-2857,mp-1403,mp-917
mp-10782,mp-1009008,mp-11552
mp-2454,mp-1522,mp-5908
mp-28319,mp-3648,mp-542569
mp-12666,mp-5239,mp-1492
mp-604910,mp-13174,mp-20426
mp-13134,mp-5729,mp-2088
mp-10889,mp-19904,mp-11234
mp-28497,mp-995122,mp-567305
mp-12981,mp-7830,mp-7080
mp-1123,mp-5380,mp-28067
mp-24723,mp-30406,mp-368
mp-983565,mp-8237,mp-669692
mp-496,mp-28066,mp-3597
mp-404,mp-568106,mp-570950
mp-30563,mp-13051,mp-20145
mp-1056,mp-23752,mp-241
mp-552857,mp-20268,mp-1018013
mp-1018043,mp-22915,mp-4500
mp-30744,mp-8016,mp-1819
mp-7523,mp-259,mp-21474
mp-18962,mp-30315,mp-999495
mp-972228,mp-8641,mp-1019359
mp-11752,mp-2856,mp-15702
mp-3934,mp-10125,mp-5346
mp-1200,mp-1019362,mp-1471
mp-571586,mp-8528,mp-2319
mp-19027,mp-20554,mp-1009495
mp-2225,mp-607,mp-1416
mp-570409,mp-15641,mp-637255
mp-4346,mp-12972,mp-22461
mp-23143,mp-28044,mp-828
mp-1996,mp-568319,mp-550306
mp-13449,mp-19762,mp-1009823
mp-12794,mp-13504,mp-13171
mp-1921,mp-545467,mp-1246
mp-3136,mp-4678,mp-13363
mp-5590,mp-9270,mp-10714
mp-5632,mp-4228,mp-29809
mp-568018,mp-30245,mp-1129
mp-11435,mp-13008,mp-7861
mp-30785,mp-1009471,mp-22377
mp-4922,mp-1018720,mp-1761
mp-8624,mp-428,mp-999257
mp-10036,mp-22725,mp-22566
mp-15651,mp-8499,mp-20131
mp-48,mp-818,mp-20545
mp-64,mp-14628,mp-13240
mp-495,mp-615,mp-5748
mp-30882,mp-1696,mp-7064
mp-20832,mp-7093,mp-477
mp-22801,mp-4785,mp-10006
mp-7907,mp-555321,mp-3388
mp-2767,mp-2606,mp-2337
mp-10708,mp-1009014,mp-1683
mp-553932,mp-220,mp-18759
mp-510430,mp-1001843,mp-1187
mp-10224,mp-11361,mp-28927
mp-20343,mp-13263,mp-2627
mp-5518,mp-19717,mp-7565
mp-1009238,mp-1989,mp-9556
mp-7142,mp-1048,mp-569544
mp-1357,mp-1008986,mp-1008689
mp-8370,mp-568895,mp-9580
mp-2680,mp-2348,mp-20814
mp-3821,mp-6957,mp-637576
mp-12635,mp-2554,mp-4661
mp-30343,mp-22756,mp-16337
mp-551675,mp-20278,mp-2720
mp-2074,mp-5881,mp-1437
mp-13126,mp-1779,mp-8398
mp-1569,mp-601193,mp-830
mp-1111,mp-550437,mp-999376
mp-1339,mp-9916,mp-5446
mp-2465,mp-1124,mp-1936
mp-8756,mp-13094,mp-976271
mp-7482,mp-10054,mp-614185
mp-10669,mp-5058,mp-546125
mp-1725,mp-399,mp-21845
mp-30731,mp-695,mp-31187
mp-642644,mp-10662,mp-9957
mp-20351,mp-11455,mp-1002187
mp-27440,mp-21090,mp-15703
mp-1762,mp-5503,mp-14796
mp-2273,mp-216,mp-19317
mp-28945,mp-571386,mp-11390
mp-21374,mp-567907,mp-10270
mp-570112,mp-27257,mp-19850
mp-8675,mp-16236,mp-5152
mp-1549,mp-20698,mp-1784
mp-10078,mp-567197,mp-3751
mp-10527,mp-662,mp-1533
mp-4026,mp-548469,mp-999052
mp-558645,mp-669546,mp-75
mp-557668,mp-2049,mp-1264
mp-568388,mp-2931,mp-20567
mp-7916,mp-10678,mp-11580
mp-4076,mp-554201,mp-10584
mp-10884,mp-504594,mp-30892
mp-1690,mp-2516,mp-540789
mp-554352,mp-11560,mp-21124
mp-2136,mp-3637,mp-796
mp-6914,mp-4250,mp-436
mp-1836,mp-22522,mp-1483
mp-2917,mp-11278,mp-20197
mp-23300,mp-183,mp-22503
mp-27263,mp-30619,mp-2381
mp-999145,mp-1008805,mp-30449
mp-6504,mp-18816,mp-1808
mp-20601,mp-31173,mp-1018643
mp-1009129,mp-2420,mp-4075
mp-310,mp-23054,mp-1018674
mp-10374,mp-570219,mp-569103
mp-4112,mp-23095,mp-2849
mp-321,mp-672,mp-2666
mp-1521,mp-568631,mp-10824
mp-22682,mp-568006,mp-10244
mp-3839,mp-20777,mp-2793
mp-8995,mp-636599,mp-11209
mp-7349,mp-6668,mp-11556
mp-5515,mp-571133,mp-8101
mp-351,mp-4903,mp-27454
mp-4508,mp-1018032,mp-1077
mp-9985,mp-540584,mp-29941
mp-7170,mp-7440,mp-14112
mp-3218,mp-22206,mp-10636
mp-9934,mp-3402,mp-12661
mp-20943,mp-28166,mp-23141
mp-2657,mp-119,mp-8873
mp-30856,mp-13962,mp-19356
mp-4499,mp-15608,mp-20662
mp-2490,mp-570687,mp-1001914
mp-820,mp-2163,mp-14815
mp-3385,mp-5702,mp-889
mp-866314,mp-10931,mp-7493
mp-1009540,mp-5063,mp-7709
mp-8781,mp-22154,mp-7067
mp-1194,mp-9063,mp-30366
mp-1018100,mp-10616,mp-30773
mp-30581,mp-1019612,mp-3201
mp-953,mp-10901,mp-1837
mp-570689,mp-1001012,mp-7595
mp-9721,mp-1008826,mp-13982
mp-21242,mp-20211,mp-568536
mp-29866,mp-553991,mp-10281
mp-999336,mp-467,mp-22620
mp-553939,mp-4913,mp-22216
mp-8884,mp-7088,mp-2619
mp-20566,mp-2604,mp-1490
mp-17095,mp-571638,mp-1001828
mp-7711,mp-2444,mp-22872
mp-10740,mp-1385,mp-1018153
mp-13270,mp-505825,mp-556953
mp-422,mp-20714,mp-3731
mp-1401,mp-22896,mp-3469
mp-23505,mp-672233,mp-14476
mp-546279,mp-13868,mp-5878
mp-11771,mp-996162,mp-1959
mp-22639,mp-22921,mp-21194
mp-555483,mp-20495,mp-1009237
mp-30822,mp-571041,mp-1018732
mp-7821,mp-238,mp-30796
mp-7897,mp-991676,mp-5431
mp-4396,mp-13137,mp-191
mp-971662,mp-3241,mp-71
mp-2997,mp-1018179,mp-5076
mp-1143,mp-1009720,mp-20350
mp-559676,mp-4636,mp-2648
mp-31496,mp-1018136,mp-31086
mp-22769,mp-1018851,mp-600124
mp-30355,mp-15649,mp-11169
mp-20007,mp-4549,mp-19282
mp-903,mp-281,mp-12737
mp-9768,mp-556242,mp-697111
mp-1002165,mp-5414,mp-1018115
mp-13164,mp-1008965,mp-567504
mp-1008275,mp-13138,mp-14168
mp-11873,mp-7463,mp-567967
mp-30069,mp-1018723,mp-30483
mp-13416,mp-21318,mp-22907
mp-922,mp-101,mp-1007881
mp-13031,mp-999542,mp-753669
mp-567981,mp-643409,mp-610917
mp-17287,mp-1019086,mp-13480
mp-2696,mp-58,mp-22795
mp-22980,mp-4,mp-1399
mp-556253,mp-132,mp-567666
mp-22875,mp-1007819,mp-634659
mp-21447,mp-155,mp-3802
mp-559492,mp-30342,mp-568867
mp-10622,mp-1018672,mp-8255
mp-5788,mp-567395,mp-570
mp-10969,mp-20864,mp-72
mp-7622,mp-2743,mp-999337
mp-2786,mp-20229,mp-23024
mp-1648,mp-582227,mp-2481
mp-6328,mp-7476,mp-12098
mp-22065,mp-23138,mp-2560
mp-1019280,mp-23210,mp-3536
mp-16503,mp-2351,mp-9731
mp-998971,mp-569803,mp-27850
mp-9958,mp-999558,mp-11808
mp-919,mp-569548,mp-1008876
mp-11714,mp-27689,mp-30657
mp-573119,mp-28302,mp-10212
mp-14089,mp-973149,mp-27335
mp-510691,mp-3271,mp-542065
mp-534,mp-551741,mp-581707
mp-2665,mp-7017,mp-569661
mp-22232,mp-29725,mp-570256
mp-12505,mp-3747,mp-16732
mp-570290,mp-542,mp-18513
mp-1099,mp-13,mp-11517
mp-22537,mp-680671,mp-31277
mp-1008918,mp-10250,mp-13496
mp-1431,mp-20889,mp-11489
mp-31072,mp-4627,mp-15999
mp-550070,mp-1018121,mp-21251
mp-29633,mp-5348,mp-1186
mp-23860,mp-31454,mp-2781
mp-2360,mp-9244,mp-11511
mp-23202,mp-11444,mp-1907
mp-5782,mp-975359,mp-839
mp-978568,mp-640885,mp-15788
mp-27897,mp-5556,mp-316
mp-590,mp-31458,mp-4441
mp-7931,mp-14,mp-8212
mp-7366,mp-141,mp-30507
mp-756,mp-568337,mp-570771
mp-23178,mp-11521,mp-2350
mp-10135,mp-573755,mp-11693
mp-644229,mp-1042,mp-6764
mp-710,mp-31171,mp-8948
mp-556927,mp-15661,mp-2574
mp-657,mp-601257,mp-567903
mp-4283,mp-8633,mp-24390
mp-1006886,mp-567713,mp-3102
mp-31142,mp-23431,mp-1018119
mp-944,mp-10381,mp-7951
mp-9929,mp-5497,mp-22266
mp-2893,mp-18949,mp-2395
mp-16043,mp-1768,mp-708
mp-22565,mp-539,mp-8446
mp-693,mp-20757,mp-1005
mp-11977,mp-160,mp-1982
mp-558046,mp-1007778,mp-1328
mp-7498,mp-1009213,mp-29152
mp-29556,mp-5244,mp-672388
mp-634105,mp-9844,mp-2213
mp-1535,mp-4954,mp-9687
mp-2532,mp-68,mp-11809
mp-22859,mp-1291,mp-2643
mp-862656,mp-27979,mp-4428
mp-10056,mp-10136,mp-1017515
mp-20436,mp-22150,mp-27367
mp-8468,mp-17,mp-182
mp-1008987,mp-559959,mp-1009537
mp-985,mp-10038,mp-696
mp-2079,mp-13079,mp-1314
mp-29015,mp-2987,mp-4481
mp-999395,mp-1529,mp-28233
mp-5924,mp-604496,mp-550908
mp-571044,mp-9573,mp-24093
mp-1008650,mp-480,mp-568328
mp-570418,mp-1009592,mp-7262
mp-23176,mp-1008632,mp-31053
mp-11277,mp-11358,mp-10356
mp-510557,mp-317,mp-10738
mp-409,mp-29803,mp-12742
mp-20536,mp-30034,mp-9562
mp-604884,mp-10154,mp-23285
mp-9588,mp-7849,mp-13435
mp-5532,mp-1916,mp-3582
mp-1388,mp-20284,mp-14797
mp-2644,mp-3504,mp-19905
mp-1008376,mp-53,mp-1018085
mp-12769,mp-1002114,mp-30068
mp-22580,mp-21493,mp-5409
mp-11293,mp-11824,mp-31455
mp-29742,mp-20922,mp-23234
mp-22367,mp-22883,mp-571195
mp-2209,mp-4541,mp-571
mp-16293,mp-20998,mp-567724
mp-1335,mp-29456,mp-15901
mp-2920,mp-12659,mp-999292
mp-966800,mp-27462,mp-3428
mp-1412,mp-7429,mp-23959
mp-555403,mp-31116,mp-1018053
mp-19821,mp-21432,mp-1409
mp-9961,mp-5778,mp-7339
mp-9339,mp-1007761,mp-11452
mp-22886,mp-1716,mp-4438
mp-20557,mp-7667,mp-8003
mp-3938,mp-998965,mp-30750
mp-30797,mp-11413,mp-1591
mp-10167,mp-894,mp-643989
mp-7478,mp-22752,mp-31093
mp-11301,mp-8871,mp-571405
mp-19765,mp-23499,mp-22746
mp-973935,mp-546,mp-30737
mp-3710,mp-569558,mp-7303
mp-738,mp-11526,mp-1018745
mp-557266,mp-305,mp-11504
mp-21087,mp-10692,mp-203
mp-15809,mp-15226,mp-1008223
mp-11684,mp-1046,mp-2930
mp-601848,mp-5618,mp-2474
mp-2715,mp-15643,mp-1006880
mp-20457,mp-7121,mp-23153
mp-1627,mp-1081,mp-11833
mp-20453,mp-1007854,mp-30175
mp-20944,mp-7572,mp-978987
mp-13155,mp-29076,mp-555359
mp-569017,mp-30472,mp-505249
mp-13520,mp-1345,mp-28163
mp-30753,mp-15795,mp-570910
mp-10289,mp-8566,mp-998974
mp-570232,mp-1447,mp-9514
mp-11393,mp-1014229,mp-20563
mp-999469,mp-31456,mp-20199
mp-999294,mp-12072,mp-30745
mp-11690,mp-30759,mp-2961
mp-1019105,mp-4953,mp-6933
mp-1871,mp-7892,mp-4454
mp-568656,mp-3015,mp-9981
mp-28602,mp-486,mp-3345
mp-1014,mp-8122,mp-568584
mp-22901,mp-28364,mp-30437
mp-1018699,mp-11132,mp-1018702
mp-1559,mp-274,mp-2611
mp-1233,mp-22993,mp-554134
mp-2740,mp-9930,mp-11918
mp-29646,mp-4008,mp-23697
mp-9158,mp-10446,mp-579718
mp-22344,mp-28084,mp-5739
mp-542909,mp-9906,mp-5479
mp-23021,mp-2794,mp-553946
mp-21168,mp-1174,mp-239
mp-22060,mp-2773,mp-2176
mp-10601,mp-5836,mp-554252
mp-8399,mp-1007961,mp-2924
mp-1020703,mp-1720,mp-505206
mp-18905,mp-20928,mp-567885
mp-21443,mp-571350,mp-27219
mp-4763,mp-10343,mp-569886
mp-11872,mp-568371,mp-672340
mp-9383,mp-1043,mp-122
mp-643432,mp-1007906,mp-3183
mp-7285,mp-729,mp-10647
mp-30454,mp-22880,mp-1743
mp-9690,mp-20098,mp-562100
mp-568,mp-4559,mp-1009829
mp-31136,mp-1315,mp-9907
mp-7618,mp-557397,mp-2839
mp-19147,mp-510403,mp-16522
mp-2684,mp-481,mp-2733
mp-473,mp-4973,mp-3204
mp-2583,mp-9843,mp-29826
mp-2229,mp-2723,mp-541014
mp-547125,mp-22205,mp-19231
mp-5526,mp-569157,mp-3605
mp-20281,mp-21850,mp-22790
mp-1086,mp-15724,mp-13365
mp-647,mp-2968,mp-2548
mp-28017,mp-10872,mp-2065
mp-554238,mp-5920,mp-11382
mp-570922,mp-561412,mp-1008903
mp-15686,mp-31510,mp-23029
mp-30658,mp-3958,mp-1090
mp-1009820,mp-7041,mp-23241
mp-20872,mp-21340,mp-10606
mp-569446,mp-21865,mp-2371
mp-643009,mp-4064,mp-5594
mp-19378,mp-7583,mp-22717
mp-24066,mp-28627,mp-20860
mp-1019054,mp-7926,mp-934
mp-18803,mp-28323,mp-11290
mp-20424,mp-12772,mp-569989
mp-550008,mp-3323,mp-20724
mp-113,mp-13967,mp-2675
mp-487,mp-12952,mp-4604
mp-4251,mp-697044,mp-23262
mp-644271,mp-1008728,mp-1008809
mp-11841,mp-2242,mp-2280
mp-567314,mp-23275,mp-972408
mp-945,mp-505517,mp-15120
mp-638765,mp-22325,mp-570822
mp-8409,mp-1590,mp-11765
mp-16496,mp-13061,mp-4997
mp-88,mp-14763,mp-28024
mp-1007664,mp-3933,mp-1018015
mp-2800,mp-1018082,mp-9304
mp-10390,mp-1495,mp-3671
mp-571665,mp-8368,mp-1561
mp-10879,mp-5478,mp-13070
mp-11971,mp-7350,mp-13610
mp-20935,mp-1977,mp-7384
mp-7748,mp-568516,mp-1009650
mp-1153,mp-20766,mp-24084
mp-11227,mp-545756,mp-23046
mp-643062,mp-634676,mp-570707
mp-1008911,mp-636331,mp-568565
mp-3031,mp-27294,mp-3104
mp-23162,mp-8262,mp-541754
mp-723,mp-30683,mp-6952
mp-27227,mp-7956,mp-3963
mp-2237,mp-601820,mp-23060
mp-15113,mp-650,mp-18965
mp-2,mp-627,mp-30719
mp-13313,mp-7714,mp-28266
mp-2572,mp-27455,mp-3803
mp-574438,mp-4793,mp-23486
mp-30741,mp-570099,mp-24650
mp-30207,mp-999318,mp-435
mp-468,mp-23737,mp-580234
mp-2423,mp-13034,mp-6178
mp-2410,mp-31452,mp-8864
mp-8042,mp-2206,mp-15624
mp-2556,mp-22465,mp-4478
mp-1006887,mp-570568,mp-256
mp-29241,mp-7986,mp-505019
mp-1009135,mp-25082,mp-2235
mp-9812,mp-15821,mp-570684
mp-1639,mp-13306,mp-17518
mp-555370,mp-10180,mp-13444
mp-9948,mp-672356,mp-9969
mp-567612,mp-9579,mp-902
mp-1444,mp-4126,mp-20315
mp-12101,mp-2369,mp-561877
mp-19170,mp-3744,mp-19299
mp-7700,mp-1203,mp-22792
mp-972309,mp-570196,mp-1018033
mp-30502,mp-11523,mp-3524
mp-975640,mp-1185,mp-32641
mp-30381,mp-27456,mp-548
mp-11460,mp-2061,mp-1968
mp-29196,mp-7283,mp-2649
mp-23211,mp-13474,mp-30789
mp-23121,mp-1009127,mp-20608
mp-1933,mp-3021,mp-20136
mp-11499,mp-6564,mp-635
mp-561511,mp-556004,mp-998
mp-4494,mp-493,mp-20193
mp-1658,mp-11019,mp-20937
mp-9324,mp-4370,mp-31438
mp-7472,mp-755328,mp-6870
mp-1008753,mp-2388,mp-1698
mp-3503,mp-5491,mp-603694
mp-21211,mp-569249,mp-7352
mp-26,mp-631,mp-8280
mp-7424,mp-1934,mp-22607
mp-29973,mp-1463,mp-19728
mp-19048,mp-8976,mp-998987
mp-2201,mp-567818,mp-1007730
mp-21290,mp-6073,mp-8354
mp-3236,mp-634751,mp-23193
mp-21479,mp-7938,mp-691
mp-7048,mp-8377,mp-979
mp-28692,mp-5396,mp-538
mp-570276,mp-7542,mp-22863
mp-867932,mp-10141,mp-13853
mp-766,mp-2598,mp-10626
mp-998861,mp-7608,mp-1585
mp-754,mp-11790,mp-10721
mp-1211,mp-28460,mp-3762
mp-1008999,mp-11464,mp-4007
mp-23002,mp-22904,mp-22937
mp-14018,mp-134,mp-567841
mp-2027,mp-8281,mp-22648
mp-349,mp-10899,mp-1938
mp-21503,mp-556075,mp-27243
mp-570097,mp-12467,mp-30363
mp-12065,mp-29596,mp-4152
mp-30365,mp-5342,mp-22535
mp-649,mp-825,mp-1002210
mp-18427,mp-30825,mp-29896
mp-1519,mp-23729,mp-10371
mp-819,mp-12712,mp-17639
mp-1017985,mp-178,mp-20730
mp-3000,mp-23866,mp-2634
mp-999002,mp-736,mp-21405
mp-20356,mp-890,mp-21272
mp-204,mp-19871,mp-2918
mp-5714,mp-9636,mp-3315
mp-14625,mp-543001,mp-7753
mp-30181,mp-3348,mp-20820
mp-30374,mp-5364,mp-22318
mp-14070,mp-552028,mp-1979
mp-22958,mp-510374,mp-571491
mp-2333,mp-10014,mp-19009
mp-1971,mp-11194,mp-2568
mp-8192,mp-1018809,mp-670
mp-7361,mp-559847,mp-20338
mp-3666,mp-570670,mp-22862
mp-8253,mp-19741,mp-14600
mp-1008279,mp-1008610,mp-31451
mp-24237,mp-973835,mp-1008483
mp-9752,mp-697068,mp-1216
mp-7002,mp-12777,mp-3299
mp-31294,mp-8911,mp-8786
mp-30611,mp-1240,mp-15799
mp-22003,mp-10060,mp-8219
mp-12107,mp-29069,mp-1008500
mp-30656,mp-7615,mp-2250
mp-1019544,mp-19419,mp-29463
mp-9938,mp-10052,mp-31256
mp-20235,mp-3999,mp-22967
mp-1018721,mp-555166,mp-556605
mp-3307,mp-7707,mp-21289
mp-8582,mp-1008524,mp-867194
mp-4247,mp-4006,mp-571059
mp-552992,mp-29752,mp-557569
mp-29005,mp-8638,mp-557753
mp-2092,mp-8094,mp-5659
mp-30839,mp-570379,mp-976273
mp-1008506,mp-7486,mp-16363
mp-28835,mp-569114,mp-1754
mp-12814,mp-12622,mp-542435
mp-5916,mp-23818,mp-20245
mp-1044,mp-1247,mp-20857
mp-15954,mp-568273,mp-8643
mp-30444,mp-2058,mp-10049
mp-14790,mp-1534,mp-2563
mp-4608,mp-4354,mp-1008555
mp-30721,mp-1018080,mp-2435
mp-999303,mp-561598,mp-284
mp-229,mp-15951,mp-697096
mp-1019358,mp-306,mp-4893
mp-30351,mp-4908,mp-2451
mp-11022,mp-571554,mp-571160
mp-640073,mp-2379,mp-554462
mp-11488,mp-30441,mp-19908
mp-10139,mp-9986,mp-561949
mp-22865,mp-1259,mp-20555
mp-888,mp-22309,mp-636368
mp-8335,mp-581833,mp-23475
mp-8046,mp-13964,mp-10142
mp-567389,mp-30364,mp-873
mp-27,mp-9778,mp-7790
mp-999549,mp-2119,mp-13947
mp-11501,mp-19052,mp-31209
mp-772,mp-18922,mp-4395
mp-706,mp-546910,mp-604318
mp-8125,mp-1671,mp-9164
mp-2661,mp-16755,mp-11445
mp-8426,mp-357,mp-29352
mp-22619,mp-11476,mp-16370
mp-9550,mp-8053,mp-27834
mp-1009813,mp-2132,mp-5564
mp-8033,mp-4860,mp-20305
mp-690794,mp-4909,mp-7223
mp-568177,mp-7574,mp-5135
mp-8338,mp-610972,mp-1008727
mp-30427,mp-560956,mp-1008523
mp-850,mp-2243,mp-2399
mp-567214,mp-999200,mp-7568
mp-2071,mp-7363,mp-3040
mp-3679,mp-7343,mp-30435
mp-10057,mp-19376,mp-18257
mp-1814,mp-20146,mp-22914
mp-10264,mp-18732,mp-8632
mp-7298,mp-288,mp-622041
mp-999473,mp-12678,mp-22876
mp-569265,mp-342,mp-20627
mp-30337,mp-8973,mp-10746
mp-29638,mp-2640,mp-7787
mp-4571,mp-18848,mp-144
mp-12884,mp-9486,mp-11453
mp-22044,mp-14983,mp-12266
mp-19097,mp-623,mp-11029
mp-2384,mp-28006,mp-1019055
mp-28049,mp-12005,mp-11540
mp-21372,mp-13154,mp-12523
mp-1666,mp-20304,mp-1018145
mp-19226,mp-20905,mp-4248
mp-8222,mp-28980,mp-568269
mp-568748,mp-20181,mp-1084
mp-457,mp-3668,mp-1551
mp-2354,mp-547622,mp-570259
mp-22211,mp-16523,mp-13095
mp-27707,mp-4533,mp-22307
mp-676058,mp-30981,mp-1018067
mp-9437,mp-4753,mp-12855
mp-981386,mp-18852,mp-571599
mp-27974,mp-19163,mp-1848
mp-504691,mp-3998,mp-2906
mp-4474,mp-21400,mp-569895
mp-5122,mp-7723,mp-20738
mp-21177,mp-2313,mp-4324
mp-12631,mp-30861,mp-16501
mp-15607,mp-554107,mp-30495
mp-9400,mp-24834,mp-11175
mp-619461,mp-545512,mp-21440
mp-505042,mp-21271,mp-504729
mp-13010,mp-3208,mp-1879
mp-1007693,mp-20648,mp-1190
mp-1018072,mp-568170,mp-18762
mp-5492,mp-4163,mp-570528
mp-28254,mp-74,mp-22464
mp-10149,mp-569927,mp-11157
mp-7459,mp-9565,mp-27277
mp-892,mp-4195,mp-541449
mp-1017511,mp-21048,mp-31235
mp-2688,mp-570985,mp-28978
mp-9615,mp-5347,mp-1795
mp-4210,mp-2673,mp-2460
mp-621348,mp-21316,mp-1922
mp-29356,mp-10752,mp-1018627
mp-2826,mp-18835,mp-786
mp-672337,mp-2478,mp-15679
mp-9971,mp-10214,mp-20950
mp-10523,mp-1610,mp-14622
mp-5339,mp-10161,mp-303
mp-30648,mp-11469,mp-4551
mp-8636,mp-771,mp-30847
mp-12954,mp-969,mp-2520
mp-22975,mp-13156,mp-21008
mp-13570,mp-5438,mp-23304
mp-1748,mp-1008528,mp-9569
mp-7761,mp-20883,mp-20185
mp-24417,mp-9771,mp-12075
mp-22848,mp-2070,mp-17848
mp-30488,mp-27396,mp-402
mp-28795,mp-13032,mp-1418
mp-2725,mp-22440,mp-20900
mp-551092,mp-571467,mp-1018059
mp-561442,mp-2014,mp-7431
mp-634965,mp-11288,mp-22315
mp-8059,mp-567210,mp-22992
mp-555223,mp-11508,mp-1009496
mp-999503,mp-672254,mp-30536
mp-3567,mp-3732,mp-188
mp-19281,mp-20191,mp-1498
mp-19946,mp-20275,mp-19880
mp-568961,mp-19820,mp-12657
mp-6098,mp-1018025,mp-9850
mp-1008928,mp-13472,mp-18878
mp-571552,mp-8207,mp-10797
mp-753,mp-569526,mp-20458
mp-30457,mp-717,mp-15987
mp-7930,mp-7421,mp-488
mp-541431,mp-29398,mp-9567
mp-21128,mp-8414,mp-20263
mp-18895,mp-114,mp-29066
mp-30160,mp-30156,mp-6879
mp-1985,mp-757233,mp-5373
mp-1033,mp-999539,mp-12571
mp-569679,mp-22313,mp-510086
mp-568428,mp-2955,mp-8002
mp-9307,mp-2672,mp-29772
mp-999508,mp-8535,mp-616458
mp-1932,mp-3519,mp-15236
mp-2646,mp-20049,mp-20930
mp-2760,mp-3955,mp-568630
mp-5072,mp-7824,mp-975652
mp-30778,,mp-1256
mp-12532,,
mp-542316,,
mp-12118,,
mp-20618,,
mp-12087,,
mp-28145,,
mp-31043,,
mp-4105,,
mp-14039,,
mp-20623,,
mp-9801,,
mp-3507,,
mp-1007853,,
mp-11294,,
mp-28116,,
mp-4875,,
mp-16613,,
mp-23879,,
mp-1018647,,
mp-20206,,
mp-13119,,
mp-10440,,
mp-31443,,
mp-13852,,
mp-639659,,
mp-1019360,,
mp-31363,,
mp-20796,,
mp-2050,,
mp-4452,,
mp-22435,,
mp-19876,,
mp-2355,,
mp-2130,,
mp-21198,,
mp-10453,,
mp-27953,,
mp-22306,,
mp-246,,
mp-2076,,
mp-1008680,,
mp-1278,,
mp-23050,,
mp-19966,,
mp-19736,,
mp-10474,,
mp-16753,,
mp-3292,,
mp-23039,,
mp-574025,,
mp-643370,,
mp-1008786,,
mp-47,,
mp-569304,,
mp-12923,,
mp-23513,,
mp-2732,,
mp-1552,,
mp-6996,,
mp-22027,,
mp-13937,,
mp-9951,,
mp-557762,,
mp-2689,,
mp-697038,,
mp-1018941,,
mp-20033,,
mp-15805,,
mp-30878,,
mp-162,,
mp-12723,,
mp-8215,,
mp-7288,,
mp-215,,
mp-27725,,
mp-27207,,
mp-4300,,
mp-15694,,
mp-9967,,
mp-7077,,
mp-30091,,
mp-11478,,
mp-30506,,
mp-1018639,,
mp-1007776,,
mp-1782,,
mp-11541,,
mp-1330,,
mp-571096,,
mp-22483,,
mp-30560,,
mp-20463,,
mp-13907,,
mp-8456,,
mp-570935,,
mp-668,,
mp-7483,,
mp-32,,
mp-1059,,
mp-5549,,
mp-5381,,
mp-1749,,
mp-1018098,,
mp-23560,,
mp-1019089,,
mp-10732,,
mp-2287,,
mp-28056,,
mp-9325,,
mp-12979,,
mp-7863,,
mp-7186,,
mp-22221,,
mp-10685,,
mp-558078,,
mp-30885,,
mp-1007637,,
mp-10455,,
mp-578,,
mp-5042,,
mp-12109,,
mp-13682,,
mp-1654,,
mp-22866,,
mp-30353,,
mp-608366,,
mp-7159,,
mp-4192,,
mp-2051,,
mp-2536,,
mp-540,,
mp-6969,,
mp-224,,
mp-16960,,
mp-136,,
mp-640095,,
mp-628,,
mp-27888,,
mp-20340,,
mp-605,,
mp-959,,
mp-449,,
mp-29400,,
mp-1320,,
mp-84,,
mp-12593,,
mp-1638,,
mp-30769,,
mp-11722,,
mp-24201,,
mp-20595,,
mp-9583,,
mp-7974,,
mp-22916,,
mp-675,,
mp-560023,,
mp-7250,,
mp-4897,,
mp-7725,,
mp-29259,,
mp-1008530,,
mp-23710,,
mp-14433,,
mp-550820,,
mp-10271,,
mp-13452,,
mp-567454,,
mp-568719,,
mp-30371,,
mp-1008835,,
mp-620571,,
mp-1894,,
mp-1007760,,
mp-505296,,
mp-27840,,
mp-7623,,
mp-19019,,
mp-29950,,
mp-4051,,
mp-7475,,
mp-13911,,
mp-23870,,
mp-1515,,
mp-23280,,
mp-29643,,
mp-5928,,
mp-21003,,
mp-217,,
mp-18946,,
mp-570008,,
mp-20133,,
mp-1008926,,
mp-793,,
mp-11280,,
mp-540572,,
mp-30242,,
mp-2418,,
mp-558518,,
mp-2784,,
mp-10641,,
mp-9487,,
mp-1008282,,
mp-7422,,
mp-17875,,
mp-7603,,
mp-2439,,
mp-20492,,
mp-12381,,
mp-5820,,
mp-636334,,
mp-13098,,
mp-8640,,
mp-22897,,
mp-1910,,
mp-4651,,
mp-571185,,
mp-19832,,
mp-19800,,
mp-10611,,
mp-569196,,
mp-571428,,
mp-31140,,
mp-7631,,
mp-20227,,
mp-21233,,
mp-570229,,
mp-20906,,
mp-2432,,
mp-5670,,
mp-9719,,
mp-4662,,
mp-2151,,
mp-20586,,
mp-22782,,
mp-1458,,
mp-1007855,,
mp-558838,,
mp-1347,,
mp-11822,,
mp-22908,,
mp-489,,
mp-1158,,
mp-11801,,
mp-999053,,
mp-8804,,
mp-30079,,
mp-999441,,
mp-510380,,
mp-552098,,
mp-2367,,
mp-13288,,
mp-998860,,
mp-5372,,
mp-1007770,,
mp-12595,,
mp-8279,,
mp-7818,,
mp-558733,,
mp-20481,,
mp-567597,,
mp-640889,,
mp-9828,,
mp-999130,,
mp-22700,,
mp-19017,,
mp-21381,,
mp-10909,,
mp-15820,,
mp-18337,,
mp-1441,,
mp-29396,,
mp-3205,,
mp-626620,,
mp-19896,,
mp-1609,,
mp-30685,,
mp-4809,,
mp-10092,,
mp-21313,,
mp-12803,,
mp-672287,,
mp-1146,,
mp-1250,,
mp-10470,,
mp-1791,,
mp-6521,,
mp-10684,,
mp-19435,,
mp-3808,,
mp-567681,,
mp-12899,,
mp-2157,,
mp-12623,,
mp-2093,,
mp-11750,,
mp-29726,,
mp-24147,,
mp-28593,,
mp-1555,,
mp-8132,,
mp-20486,,
mp-1546,,
mp-19754,,
mp-552185,,
mp-9179,,
mp-9389,,
mp-3048,,
mp-615141,,
mp-446,,
mp-12961,,
mp-1018752,,
mp-13900,,
mp-19886,,
mp-22917,,
mp-1170,,
mp-1127,,
mp-2008,,
mp-3035,,
mp-21366,,
mp-1019740,,
mp-570506,,
mp-6646,,
mp-1019584,,
mp-3574,,
mp-10953,,
mp-3286,,
mp-11503,,
mp-31442,,
mp-30227,,
mp-4374,,
mp-568139,,
mp-15985,,
mp-30352,,
mp-567653,,
mp-21201,,
mp-2121,,
mp-27848,,
mp-8753,,
mp-768,,
mp-112,,
mp-865402,,
mp-1009695,,
mp-30592,,
mp-5245,,
mp-1882,,
mp-2285,,
mp-568654,,
mp-133,,
mp-29661,,
mp-1,,
mp-3895,,
mp-150,,
mp-2053,,
mp-679,,
mp-8635,,
mp-7189,,
mp-28339,,
mp-12574,,
mp-30392,,
mp-8110,,
mp-1009639,,
mp-1008274,,
mp-1986,,
mp-556353,,
mp-4264,,
mp-22177,,
mp-567617,,
mp-10519,,
mp-15669,,
mp-872,,
mp-2700,,
mp-9827,,
mp-20423,,
mp-567769,,
mp-20621,,
mp-10680,,
mp-2828,,
mp-20255,,
mp-21489,,
mp-18750,,
mp-22961,,
mp-10457,,
mp-557142,,
mp-27606,,
mp-1008226,,
mp-10492,,
mp-12120,,
mp-21206,,
mp-1018066,,
mp-616559,,
mp-7899,,
mp-2271,,
mp-10759,,
mp-643279,,
mp-622570,,
mp-646,,
mp-12007,,
mp-2976,,
mp-3108,,
mp-20590,,
mp-971673,,
mp-2323,,
mp-20708,,
mp-5350,,
mp-20674,,
mp-4177,,
mp-3992,,
mp-570899,,
mp-1738,,
mp-15252,,
mp-3513,,
mp-865185,,
mp-613327,,
mp-504711,,
mp-1019,,
mp-580357,,
mp-9318,,
mp-8211,,
mp-2960,,
mp-8676,,
mp-567747,,
mp-568747,,
mp-10924,,
mp-17702,,
mp-10891,,
mp-5048,,
mp-22747,,
mp-1405,,
mp-20793,,
mp-23856,,
mp-5723,,
mp-9257,,
mp-1017509,,
mp-11869,,
mp-1093,,
mp-569106,,
mp-1018132,,
mp-7276,,
mp-8159,,
mp-13925,,
mp-20695,,
mp-9386,,
mp-555760,,
mp-430,,
mp-1008929,,
mp-2596,,
mp-1018081,,
mp-30405,,
mp-605790,,
mp-7917,,
mp-550111,,
mp-643273,,
mp-550893,,
mp-542112,,
mp-9873,,
mp-190,,
mp-567657,,
mp-1008912,,
mp-3107,,
mp-1016200,,
mp-941221,,
mp-5786,,
mp-567406,,
mp-998986,,
mp-7879,,
mp-1018166,,
mp-12097,,
mp-27512,,
mp-11917,,
mp-1491,,
mp-22704,,
mp-12699,,
mp-23736,,
mp-570223,,
mp-19789,,
mp-2845,,
mp-504580,,
mp-20599,,
mp-8090,,
mp-571622,,
mp-9577,,
mp-9248,,
mp-569151,,
mp-29615,,
mp-9146,,
mp-19306,,
mp-16045,,
mp-2540,,
mp-4187,,
mp-2824,,
mp-730,,
mp-15668,,
mp-16497,,
mp-782,,
mp-1002182,,
mp-7632,,
mp-10196,,
mp-557993,,
mp-514,,
mp-23295,,
mp-7991,,
mp-3881,,
mp-1002106,,
mp-567397,,
mp-809,,
mp-30886,,
mp-14398,,
mp-8628,,
mp-1731,,
mp-343,,
mp-9813,,
mp-580886,,
mp-13302,,
mp-29327,,
mp-19746,,
mp-1009006,,
mp-8267,,
mp-11023,,
mp-1018063,,
mp-505212,,
mp-5109,,
mp-604914,,
mp-10893,,
mp-1068,,
mp-8754,,
mp-2659,,
mp-951,,
mp-1018804,,
mp-568992,,
mp-1002188,,
mp-542812,,
mp-7876,,
mp-16750,,
mp-673,,
mp-13277,,
mp-2211,,
mp-20516,,
mp-1008925,,
mp-3795,,
mp-12265,,
mp-29209,,
mp-13572,,
mp-23383,,
mp-1172,,
mp-20320,,
mp-1649,,
mp-1008922,,
mp-27863,,
mp-2189,,
mp-16723,,
mp-2624,,
mp-23183,,
mp-5699,,
mp-7979,,
mp-19819,,
mp-643367,,
mp-2685,,
mp-291,,
mp-1018123,,
mp-5129,,
mp-567749,,
mp-364,,
mp-24148,,
mp-31411,,
mp-9295,,
mp-581712,,
mp-20801,,
mp-9937,,
mp-8983,,
mp-7573,,
mp-1008280,,
mp-22056,,
mp-30057,,
mp-30801,,
mp-12553,,
mp-20856,,
mp-282,,
mp-1019541,,
mp-22179,,
mp-557929,,
mp-541037,,
mp-11550,,
mp-21214,,
mp-3448,,
mp-976181,,
mp-4255,,
mp-11155,,
mp-7226,,
mp-13364,,
mp-4738,,
mp-19292,,
mp-13453,,
mp-17856,,
mp-28264,,
mp-2469,,
mp-552008,,
mp-20483,,
mp-546266,,
mp-27891,,
mp-974307,,
mp-30347,,
mp-12524,,
mp-2731,,
mp-10550,,
mp-22947,,
mp-8883,,
mp-27393,,
mp-999543,,
mp-2748,,
mp-9264,,
mp-865146,,
mp-23245,,
mp-109,,
mp-4938,,
mp-8277,,
mp-12403,,
mp-560,,
mp-1876,,
mp-4206,,
mp-2489,,
mp-1001918,,
mp-5794,,
mp-11328,,
mp-21296,,
mp-10706,,
mp-8097,,
mp-189,,
mp-17862,,
mp-1018101,,
mp-504731,,
mp-12585,,
mp-13503,,
mp-2349,,
mp-10245,,
mp-29663,,
mp-19747,,
mp-569931,,
mp-21377,,
mp-1541,,
mp-30403,,
mp-2305,,
mp-29057,,
mp-13334,,
mp-5353,,
mp-20155,,
mp-9563,,
mp-998890,,
mp-1176,,
mp-214,,
mp-7959,,
mp-1018057,,
mp-8780,,
mp-44,,
mp-570491,,
mp-2580,,
mp-12874,,
mp-2182,,
mp-2488,,
mp-156,,
mp-10134,,
mp-30533,,
mp-11178,,
mp-22856,,
mp-1007656,,
mp-503,,
mp-16886,,
mp-643002,,
mp-980004,,
mp-15722,,
mp-1939,,
mp-9481,,
mp-28283,,
mp-10846,,
mp-7247,,
mp-5757,,
mp-8812,,
mp-549,,
mp-29484,,
mp-8969,,
mp-1007992,,
mp-19387,,
mp-398,,
mp-8511,,
mp-971712,,
mp-27975,,
mp-637771,,
mp-10189,,
mp-4510,,
mp-19758,,
mp-790,,
mp-567636,,
mp-18288,,
mp-556548,,
mp-20999,,
mp-9987,,
mp-2134,,
mp-30148,,
mp-757,,
mp-570301,,
mp-19079,,
mp-2757,,
mp-553243,,
mp-1251,,
mp-21851,,
mp-22156,,
mp-1775,,
mp-1730,,
mp-377,,
mp-6686,,
mp-14827,,
mp-567982,,
mp-643101,,
mp-571653,,
mp-1120,,
mp-31460,,
mp-18,,
mp-292,,
mp-1009134,,
mp-2551,,
mp-1722,,
mp-24286,,
mp-4674,,
mp-10521,,
mp-21141,,
mp-20791,,
mp-20201,,
mp-555576,,
mp-545598,,
mp-23164,,
mp-1776,,
mp-571499,,
mp-20679,,
mp-760,,
mp-8539,,
mp-510311,,
mp-11652,,
mp-13811,,
mp-29135,,
mp-20225,,
mp-23068,,
mp-570657,,
mp-4090,,
mp-1135,,
mp-46,,
mp-22935,,
mp-801,,
mp-6986,,
mp-2078,,
mp-24668,,
mp-23263,,
mp-7785,,
mp-9251,,
mp-12083,,
mp-4770,,
mp-1266,,
mp-11091,,
mp-30251,,
mp-568075,,
mp-16115,,
mp-10013,,
mp-4316,,
mp-5219,,
mp-1697,,
mp-20997,,
mp-1659,,
mp-5443,,
mp-1429,,
mp-4415,,
mp-2695,,
mp-23037,,
mp-933,,
mp-18198,,
mp-28929,,
mp-1261,,
mp-19050,,
mp-4158,,
mp-568172,,
mp-558781,,
mp-13993,,
mp-1640,,
mp-3197,,
mp-8700,,
mp-334,,
mp-27830,,
mp-1652,,
mp-9711,,
mp-1009652,,
mp-9503,,
mp-27835,,
mp-8432,,
mp-10312,,
mp-2713,,
mp-27468,,
mp-20425,,
mp-1002229,,
mp-10065,,
mp-23034,,
mp-1229,,
mp-3813,,
mp-8861,,
mp-32662,,
mp-19210,,
mp-11374,,
mp-8630,,
mp-30500,,
mp-11964,,
mp-6473,,
mp-5841,,
mp-606604,,
mp-31469,,
mp-999086,,
mp-1018083,,
mp-31297,,
mp-644136,,
mp-11513,,
mp-999296,,
mp-12079,,
mp-1009787,,
mp-8703,,
mp-1001831,,
mp-1018734,,
mp-4488,,
mp-4117,,
mp-10064,,
mp-879,,
mp-568610,,
mp-9939,,
mp-36329,,
mp-1018629,,
mp-11279,,
mp-29754,,
mp-5473,,
mp-622497,,
mp-834,,
mp-7099,,
mp-15605,,
mp-8578,,
mp-30408,,
mp-11282,,
mp-11470,,
mp-12521,,
mp-1001835,,
mp-7582,,
mp-5848,,
mp-10204,,
mp-568077,,
mp-10728,,
mp-569850,,
mp-2126,,
mp-4253,,
mp-570683,,
mp-540771,,
mp-31404,,
mp-19225,,
mp-9391,,
mp-4182,,
mp-7473,,
mp-569639,,
mp-2822,,
mp-30758,,
mp-31328,,
mp-3618,,
mp-7939,,
mp-5918,,
mp-7466,,
mp-30610,,
mp-3748,,
mp-15297,,
mp-568844,,
mp-16334,,
mp-570213,,
mp-2513,,
mp-4901,,
mp-110,,
mp-21468,,
mp-11620,,
mp-1018641,,
mp-4305,,
mp-16720,,
mp-11318,,
mp-22490,,
mp-22891,,
mp-556320,,
mp-11441,,
mp-2322,,
mp-27838,,
mp-22052,,
mp-557251,,
mp-22779,,
mp-11327,,
mp-1008920,,
mp-568419,,
mp-2025,,
mp-1451,,
mp-15695,,
mp-30739,,
mp-1113,,
mp-471,,
mp-3148,,
mp-6962,,
mp-567652,,
mp-20310,,
mp-1018728,,
mp-27519,,
mp-567618,,
mp-396,,
mp-22934,,
mp-3779,,
mp-6931,,
mp-22400,,
mp-4291,,
mp-1018154,,
mp-571222,,
mp-2083,,
mp-9258,,
mp-30852,,
mp-8603,,
mp-331,,
mp-553961,,
mp-569360,,
mp-27546,,
mp-400,,
mp-1500,,
mp-7432,,
mp-637614,,
mp-992,,
mp-10316,,
mp-570452,,
mp-350,,
mp-13446,,
mp-542903,,
mp-1018764,,
mp-13303,,
mp-2137,,
mp-2557,,
mp-153,,
mp-30062,,
mp-11607,,
mp-1150,,
mp-3677,,
mp-5304,,
mp-13590,,
mp-139,,
mp-12665,,
mp-8874,,
mp-855,,
mp-10635,,
mp-423,,
mp-23712,,
mp-1156,,
mp-8282,,
mp-1019319,,
mp-1017514,,
mp-639874,,
mp-999550,,
mp-1960,,
mp-21043,,
mp-20632,,
mp-1509,,
mp-3556,,
mp-1018849,,
mp-22508,,
mp-1089,,
mp-11247,,
mp-2327,,
mp-8039,,
mp-8299,,
mp-13799,,
mp-2215,,
mp-1479,,
mp-1018074,,
mp-999307,,
mp-4990,,
mp-1343,,
mp-582360,,
mp-549490,,
mp-1213,,
mp-1018042,,
mp-21067,,
mp-10600,,
mp-999258,,
mp-1990,,
mp-22389,,
mp-4419,,
mp-11522,,
mp-2676,,
mp-20202,,
mp-2168,,
mp-30498,,
mp-3702,,
mp-571264,,
mp-21883,,
mp-196,,
mp-4584,,
mp-21844,,
mp-9918,,
mp-11733,,
mp-10675,,
mp-7437,,
mp-22204,,
mp-6628,,
mp-3909,,
mp-9274,,
mp-1008752,,
mp-19128,,
mp-3359,,
mp-2749,,
mp-11719,,
mp-1018743,,
mp-20151,,
mp-19851,,
mp-1009583,,
mp-510281,,
mp-960,,
mp-4692,,
mp-2537,,
mp-20192,,
mp-4563,,
mp-999083,,
mp-11515,,
mp-507,,
mp-2284,,
mp-1692,,
mp-333,,
mp-555464,,
mp-551101,,
mp-569871,,
mp-16253,,
mp-426,,
mp-8458,,
mp-632,,
mp-2212,,
mp-21027,,
mp-3927,,
mp-13089,,
mp-2589,,
mp-756630,,
mp-29131,,
mp-23163,,
mp-2988,,
mp-2851,,
mp-1018023,,
mp-13173,,
mp-579,,
mp-12854,,
mp-13915,,
mp-23339,,
mp-15791,,
mp-20384,,
mp-13829,,
mp-644280,,
mp-2039,,
mp-2179,,
mp-946,,
mp-20892,,
mp-108,,
mp-12093,,
mp-4887,,
mp-10178,,
mp-128,,
mp-30562,,
mp-30566,,
mp-10197,,
mp-8758,,
mp-15051,,
mp-22289,,
mp-999437,,
mp-4002,,
mp-11243,,
mp-9978,,
mp-5637,,
mp-12609,,
mp-31380,,
mp-1030,,
mp-999204,,
mp-1239,,
mp-23189,,
mp-10919,,
mp-30443,,
mp-13099,,
mp-9983,,
mp-1018103,,
mp-553896,,
mp-23116,,
mp-552663,,
mp-21065,,
mp-195,,
mp-8697,,
mp-5827,,
mp-1010,,
mp-7604,,
mp-568624,,
mp-11360,,
mp-23197,,
mp-16766,,
mp-12549,,
mp-2910,,
mp-999192,,
mp-20812,,
mp-12985,,
mp-615314,,
mp-11675,,
mp-24721,,
mp-9814,,
mp-564,,
mp-18968,,
mp-22978,,
mp-21075,,
mp-4120,,
mp-9289,,
mp-640041,,
mp-4961,,
mp-8666,,
mp-3521,,
mp-13548,,
mp-7781,,
mp-1018635,,
mp-11696,,
mp-31080,,
mp-23051,,
mp-8389,,
mp-3657,,
mp-30884,,
mp-20337,,
mp-8298,,
mp-23558,,
mp-6979,,
mp-2102,,
mp-999201,,
mp-12105,,
mp-20868,,
mp-774,,
mp-9923,,
mp-4280,,
mp-4495,,
mp-28273,,
mp-973834,,
mp-10314,,
mp-19438,,
mp-546350,,
mp-568725,,
mp-510376,,
mp-30952,,
mp-1019266,,
mp-10850,,
mp-569523,,
mp-23222,,
mp-571648,,
mp-10528,,
mp-569837,,
mp-23084,,
mp-20261,,
mp-13963,,
mp-22447,,
mp-7219,,
mp-5419,,
mp-30876,,
mp-505071,,
mp-556777,,
mp-6625,,
mp-22444,,
mp-12781,,
mp-11472,,
mp-1387,,
mp-13447,,
mp-3759,,
mp-22924,,
mp-8860,,
mp-16528,,
mp-4022,,
mp-11322,,
mp-972659,,
mp-2458,,
mp-1018135,,
mp-4835,,
mp-19970,,
mp-10166,,
mp-4784,,
mp-5933,,
mp-569450,,
mp-30033,,
mp-16519,,
mp-30875,,
mp-12628,,
mp-3470,,
mp-21890,,
mp-648,,
mp-24152,,
mp-23221,,
mp-8041,,
mp-1751,,
mp-7376,,
mp-594,,
mp-19005,,
mp-568661,,
mp-9610,,
mp-29761,,
mp-622980,,
mp-8182,,
mp-3346,,
mp-2033,,
mp-1584,,
mp-1336,,
mp-1008872,,
mp-1746,,
mp-20430,,
mp-13117,,
mp-28567,,
mp-3250,,
mp-11011,,
mp-570002,,
mp-3886,,
mp-31330,,
mp-10118,,
mp-20362,,
mp-20257,,
mp-644311,,
mp-9381,,
mp-571343,,
mp-9527,,
mp-2547,,
mp-6940,,
mp-8022,,
mp-9023,,
mp-353,,
mp-858,,
mp-2463,,
mp-19845,,
mp-1018689,,
mp-568827,,
mp-22786,,
mp-980,,
mp-1037,,
mp-21109,,
mp-30585,,
mp-2145,,
mp-559976,,
mp-3042,,
mp-10463,,
mp-569344,,
mp-568537,,
mp-260,,
mp-1769,,
mp-10208,,
mp-570673,,
mp-2187,,
mp-16336,,
mp-11180,,
mp-22873,,
mp-560927,,
mp-1911,,
mp-1841,,
mp-7547,,
mp-622209,,
mp-123,,
mp-1252,,
mp-1018139,,
mp-19156,,
mp-19400,,
mp-3489,,
mp-570904,,
mp-996,,
mp-10021,,
mp-21135,,
mp-1753,,
mp-7506,,
mp-10709,,
mp-1253,,
mp-697179,,
mp-20526,,
mp-1125,,
mp-505562,,
mp-646824,,
mp-645159,,
mp-27865,,
mp-2128,,
mp-568469,,
mp-13431,,
mp-13816,,
mp-11275,,
mp-27319,,
mp-23267,,
mp-452,,
mp-22346,,
mp-12710,,
mp-13141,,
mp-6927,,
mp-9490,,
mp-998980,,
mp-973,,
mp-4079,,
mp-9,,
mp-21200,,
mp-2466,,
mp-5167,,
mp-475,,
mp-8180,,
mp-861,,
mp-16514,,
mp-745,,
mp-570287,,
mp-1404,,
mp-11482,,
mp-8023,,
mp-3301,,
mp-13314,,
mp-16483,,
mp-676,,
mp-1804,,
mp-23089,,
mp-1008278,,
mp-2809,,
mp-865527,,
mp-5620,,
mp-632402,,
mp-4867,,
mp-6669,,
mp-30409,,
mp-975646,,
mp-3849,,
mp-3834,,
mp-555296,,
mp-7192,,
mp-3498,,
mp-85,,
mp-8231,,
mp-2001,,
mp-15701,,
mp-1912,,
mp-14092,,
mp-21505,,
mp-6980,,
mp-10445,,
mp-20847,,
mp-9399,,
mp-27710,,
mp-10485,,
mp-20120,,
mp-795,,
mp-1623,,
mp-973966,,
mp-569458,,
mp-19214,,
mp-7949,,
mp-249,,
mp-568789,,
mp-2747,,
mp-541785,,
mp-9881,,
mp-696746,,
mp-573316,,
mp-1082,,
mp-1018150,,
mp-1689,,
mp-28306,,
mp-551886,,
mp-9379,,
mp-1018703,,
mp-1050,,
mp-1008487,,
mp-1009596,,
mp-4466,,
mp-13161,,
mp-28843,,
mp-12736,,
mp-569916,,
mp-30867,,
mp-20729,,
mp-31301,,
mp-5461,,
mp-8300,,
mp-3660,,
mp-8606,,
mp-11193,,
mp-11481,,
mp-30047,,
mp-3088,,
mp-9056,,
mp-15776,,
mp-34857,,
mp-20363,,
mp-2330,,
mp-1008617,,
mp-28938,,
mp-1714,,
mp-606393,,
mp-5962,,
mp-432,,
mp-13949,,
mp-567484,,
mp-30844,,
mp-2120,,
mp-168,,
mp-10311,,
mp-28336,,
mp-1425,,
mp-2334,,
mp-999059,,
mp-7557,,
mp-22212,,
mp-984,,
mp-700,,
mp-27637,,
mp-3804,,
mp-1009539,,
mp-20790,,
mp-16491,,
mp-2191,,
mp-31185,,
mp-7027,,
mp-1008472,,
mp-27919,,
mp-12561,,
mp-1597,,
mp-21030,,
mp-1008874,,
mp-2006,,
mp-999118,,
mp-5798,,
mp-7577,,
mp-9996,,
mp-1009657,,
mp-18969,,
mp-14019,,
mp-28171,,
mp-569671,,
mp-570611,,
mp-1009490,,
mp-10908,,
mp-8289,,
mp-20491,,
mp-9035,,
mp-12697,,
mp-22887,,
mp-82,,
mp-17177,,
mp-1009894,,
mp-1009640,,
mp-30779,,
mp-438,,
mp-21255,,
mp-2772,,
mp-2222,,
mp-5388,,
mp-21248,,
mp-5690,,
mp-1408,,
mp-7904,,
mp-20690,,
mp-570001,,
mp-812,,
mp-567948,,
mp-753890,,
mp-12700,,
mp-8176,,
mp-12572,,
mp-20025,,
mp-7070,,
mp-1008873,,
mp-11737,,
mp-20327,,
mp-21847,,
mp-5578,,
mp-32686,,
mp-5285,,
mp-601842,,
mp-27198,,
mp-8415,,
mp-2183,,
mp-11073,,
mp-12062,,
mp-135,,
mp-1008601,,
mp-1018828,,
mp-570769,,
mp-8615,,
mp-1326,,
mp-1018061,,
mp-551900,,
mp-11788,,
mp-31756,,
mp-5541,,
mp-15685,,
mp-2430,,
mp-7906,,
mp-248,,
mp-12965,,
mp-9889,,
mp-558747,,
mp-8459,,
mp-6766,,
mp-15968,,
mp-22895,,
mp-9570,,
mp-15660,,
mp-20194,,
mp-8291,,
mp-1000,,
mp-568983,,
mp-3,,
mp-932,,
mp-2816,,
mp-1008866,,
mp-2866,,
mp-505820,,
mp-441,,
mp-5259,,
mp-22116,,
mp-19358,,
mp-3223,,
mp-2762,,
mp-1709,,
mp-2339,,
mp-10128,,
mp-29379,,
mp-22811,,
mp-14090,,
mp-1007,,
mp-4822,,
mp-20622,,
mp-3522,,
mp-22469,,
mp-30555,,
mp-851,,
mp-22040,,
mp-8402,,
mp-27679,,
mp-30620,,
mp-19836,,
mp-542640,,
mp-10155,,
mp-14115,,
mp-24719,,
mp-7443,,
mp-1007918,,
mp-23159,,
mp-8037,,
mp-10074,,
mp-30341,,
mp-27488,,
mp-31081,,
mp-3682,,
mp-1018112,,
mp-580931,,
mp-7898,,
mp-8308,,
mp-569849,,
mp-3033,,
mp-2874,,
mp-568848,,
mp-803,,
mp-568171,,
mp-11554,,
mp-2582,,
mp-1423,,
mp-13983,,
mp-574,,
mp-7396,,
mp-568931,,
mp-546142,,
mp-23154,,
mp-2853,,
mp-10326,,
mp-573697,,
mp-569416,,
mp-6102,,
mp-4732,,
mp-16220,,
mp-2524,,
mp-21069,,
mp-10051,,
mp-644264,,
mp-7599,,
mp-3515,,
mp-999027,,
mp-18766,,
mp-30883,,
mp-3718,,
mp-2780,,
mp-2827,,
mp-1019317,,
mp-28810,,
mp-5157,,
mp-1058,,
mp-21854,,
mp-8044,,
mp-2894,,
mp-1057,,
mp-6394,,
mp-1078,,
mp-2252,,
mp-1342,,
mp-16272,,
mp-21264,,
mp-11536,,
mp-2404,,
mp-4157,,
mp-13903,,
mp-999317,,
mp-19856,,
mp-7237,,
mp-581024,,
mp-3432,,
mp-10677,,
mp-11304,,
mp-639727,,
mp-30836,,
mp-22396,,
mp-11486,,
mp-5498,,
mp-758104,,
mp-11738,,
mp-23080,,
mp-568544,,
mp-1029,,
mp-21873,,
mp-571053,,
mp-30953,,
mp-19365,,
mp-9999,,
mp-4767,,
mp-869,,
mp-862679,,
mp-2031,,
mp-1020059,,
mp-1018124,,
mp-2123,,
mp-978992,,
mp-1002206,,
mp-7596,,
mp-5077,,
mp-6867,,
mp-22345,,
mp-8439,,
mp-883,,
mp-567240,,
mp-30244,,
mp-1018028,,
mp-8278,,
mp-569496,,
mp-570923,,
mp-5459,,
mp-13396,,
mp-1393,,
mp-21020,,
mp-10405,,
mp-504,,
mp-21167,,
mp-30312,,
mp-571335,,
mp-1670,,
mp-8348,,
mp-29621,,
mp-3944,,
mp-4744,,
mp-30491,,
mp-833,,
mp-3217,,
mp-20760,,
mp-1009831,,
mp-30452,,
mp-1008734,,
mp-639662,,
mp-10225,,
mp-1019324,,
mp-15777,,
mp-1179,,
mp-22991,,
mp-2852,,
mp-11202,,
mp-27360,,
mp-566131,,
mp-570832,,
mp-1139,,
mp-861738,,
mp-1487,,
mp-570791,,
mp-27164,,
mp-12614,,
mp-8689,,
mp-8994,,
mp-1008558,,
mp-15986,,
mp-4846,,
mp-510219,,
mp-11566,,
mp-7436,,
mp-19983,,
mp-30206,,
mp-21171,,
mp-11658,,
mp-568792,,
mp-999485,,
mp-3833,,
mp-22144,,
mp-8161,,
mp-4896,,
mp-4656,,
mp-11351,,
mp-16719,,
mp-14226,,
mp-27989,,
mp-7364,,
mp-13035,,
mp-12128,,
mp-4978,,
mp-13136,,
mp-12015,,
mp-7112,,
mp-9755,,
mp-875,,
mp-13208,,
mp-571513,,
mp-571594,,
mp-7801,,
mp-55,,
mp-11471,,
mp-684663,,
mp-30461,,
mp-5000,,
mp-29678,,
mp-6908,,
mp-17546,,
mp-30593,,
mp-6606,,
mp-19870,,
mp-1525,,
mp-28722,,
mp-6916,,
mp-641539,,
mp-29736,,
mp-7819,,
mp-603347,,
mp-21509,,
mp-78,,
mp-4019,,
mp-29496,,
mp-1008860,,
mp-555293,,
mp-541013,,
mp-22882,,
mp-1340,,
mp-8372,,
mp-560676,,
mp-23062,,
mp-30572,,
mp-7798,,
mp-1001789,,
mp-19764,,
mp-618309,,
mp-624929,,
mp-557,,
mp-4820,,
mp-16290,,
mp-4950,,
mp-574599,,
mp-30811,,
mp-1719,,
mp-17275,,
mp-30767,,
mp-2370,,
mp-643264,,
mp-5305,,
mp-10854,,
mp-2108,,
mp-3427,,
mp-567588,,
mp-14099,,
mp-1006884,,
mp-1453,,
mp-20265,,
mp-29481,,
mp-19418,,
mp-4233,,
mp-3579,,
mp-1629,,
mp-7558,,
mp-22964,,
mp-585,,
mp-29529,,
mp-21117,,
mp-644278,,
mp-568940,,
mp-36480,,
mp-20965,,
mp-28995,,
mp-11564,,
mp-3398,,
mp-10413,,
mp-19835,,
mp-28599,,
mp-556235,,
mp-149,,
mp-10044,,
mp-5505,,
mp-29584,,
mp-27418,,
mp-7365,,
mp-4150,,
mp-10911,,
mp-23067,,
mp-669382,,
mp-1019509,,
mp-14208,,
mp-20740,,
mp-21007,,
mp-19877,,
mp-21855,,
mp-22595,,
mp-567712,,
mp-568746,,
mp-9592,,
mp-986,,
mp-1317,,
mp-1168,,
mp-11229,,
mp-22255,,
mp-22979,,
mp-3486,,
mp-5519,,
mp-19929,,
mp-10000,,
mp-11230,,
mp-23209,,
mp-29748,,
mp-20408,,
mp-28240,,
mp-11367,,
mp-16036,,
mp-909,,
mp-7814,,
mp-569089,,
mp-69,,
mp-11272,,
mp-2707,,
mp-29403,,
mp-30845,,
mp-2297,,
mp-3054,,
mp-21342,,
mp-9460,,
mp-2735,,
mp-30768,,
mp-1055,,
mp-1282,,
mp-492,,
mp-1943,,
mp-2105,,
mp-5427,,
mp-29208,,
mp-30147,,
mp-569250,,
mp-7650,,
mp-1018107,,
mp-10871,,
mp-3614,,
mp-568509,,
mp-29659,,
mp-30247,,
mp-571039,,
mp-14791,,
mp-22589,,
mp-19148,,
mp-571147,,
mp-30594,,
mp-549475,,
mp-23137,,
mp-548403,,
mp-1269,,
mp-10143,,
mp-22467,,
mp-625397,,
mp-1867,,
mp-22434,,
mp-5292,,
mp-103,,
mp-1008806,,
mp-1018895,,
mp-21149,,
mp-12055,,
mp-448,,
mp-1634,,
mp-569331,,
mp-27932,,
mp-1285,,
mp-29145,,
mp-17892,,
mp-16481,,
mp-15642,,
mp-8790,,
mp-999355,,
mp-10063,,
mp-1019259,,
mp-542103,,
mp-6586,,
mp-644481,,
mp-3159,,
mp-1820,,
mp-4728,,
mp-23704,,
mp-556939,,
mp-930,,
mp-554089,,
mp-15704,,
mp-1540,,
mp-4630,,
mp-506,,
mp-10059,,
mp-9718,,
mp-21260,,
mp-30930,,
mp-1302,,
mp-567089,,
mp-11454,,
mp-10102,,
mp-12982,,
mp-31703,,
mp-19399,,
mp-643243,,
mp-11176,,
mp-4054,,
mp-22864,,
mp-2012,,
mp-975044,,
mp-988,,
mp-1794,,
mp-4697,,
mp-30851,,
mp-15779,,
mp-1018054,,
mp-8,,
mp-23102,,
mp-569753,,
mp-613,,
mp-1002109,,
mp-27465,,
mp-28630,,
mp-1594,,
mp-5222,,
mp-20664,,
mp-31118,,
mp-11231,,
mp-20939,,
mp-571310,,
mp-636320,,
mp-1009206,,
mp-19318,,
mp-21294,,
mp-14116,,
mp-22079,,
mp-624668,,
mp-3862,,
mp-10015,,
mp-5663,,
mp-893,,
mp-3444,,
mp-549720,,
mp-30482,,
mp-3792,,
mp-23177,,
mp-4359,,
mp-601285,,
mp-22585,,
mp-30404,,
mp-21113,,
mp-10115,,
mp-2693,,
mp-8608,,
mp-4561,,
mp-1002209,,
mp-557018,,
mp-1018157,,
mp-12684,,
mp-41,,
mp-2258,,
mp-1482,,
mp-7114,,
mp-22759,,
mp-15988,,
mp-567629,,
mp-13276,,
mp-12806,,
mp-570835,,
mp-864948,,
mp-8188,,
mp-1009048,,
mp-372,,
mp-28610,,
mp-23259,,
mp-1018690,,
mp-4259,,
mp-1628,,
mp-4771,,
mp-9945,,
mp-20539,,
mp-500,,
mp-2480,,
mp-2903,,
mp-546011,,
mp-573321,,
mp-13501,,
mp-23533,,
mp-1007657,,
mp-567164,,
mp-5558,,
mp-546679,,
mp-3196,,
mp-9194,,
mp-552802,,
mp-570891,,
mp-12696,,
mp-823,,
mp-10162,,
mp-13190,,
mp-570591,,
mp-21235,,
mp-715,,
mp-1047,,
mp-568066,,
mp-30805,,
mp-2933,,
mp-27976,,
mp-30738,,
mp-549706,,
mp-20485,,
mp-12765,,
mp-22936,,
mp-639755,,
mp-22246,,
mp-925,,
mp-544,,
mp-13583,,
mp-7882,,
mp-601,,
mp-605034,,
mp-1008527,,
mp-7600,,
mp-10857,,
mp-421,,
mp-24422,,
mp-2588,,
mp-19340,,
mp-19920,,
mp-1802,,
mp-1857,,
mp-560620,,
mp-8670,,
mp-22731,,
mp-1973,,
mp-972808,,
mp-8621,,
mp-8073,,
mp-554144,,
mp-295,,
mp-1018714,,
mp-14568,,
mp-7374,,
mp-12906,,
mp-7191,,
mp-21163,,
mp-20549,,
mp-3038,,
mp-6960,,
mp-5948,,
mp-3397,,
mp-1018133,,
mp-10003,,
mp-557257,,
mp-171,,
mp-13436,,
mp-551873,,
mp-27833,,
mp-567590,,
mp-778,,
mp-12760,,
mp-10856,,
mp-1008807,,
mp-7589,,
mp-10736,,
mp-4200,,
mp-1009133,,
mp-999439,,
mp-23562,,
mp-19917,,
mp-21078,,
mp-11237,,
mp-19713,,
mp-1032,,
mp-11281,,
mp-1136,,
mp-510657,,
mp-6926,,
mp-567431,,
mp-571102,,
mp-568866,,
mp-4904,,
mp-999308,,
mp-571263,,
mp-990,,
mp-380,,
mp-602,,
mp-12605,,
mp-8470,,
mp-30423,,
mp-1018628,,
mp-22693,,
mp-5163,,
mp-22683,,
mp-569815,,
mp-840,,
mp-3274,,
mp-11220,,
mp-1009222,,
mp-1630,,
mp-7541,,
mp-9920,,
mp-570272,,
mp-1022,,
mp-9716,,
mp-7976,,
mp-886,,
mp-1073,,
mp-1334,,
mp-27984,,
mp-22701,,
mp-27388,,
mp-23268,,
mp-30301,,
mp-313,,
mp-7089,,
mp-10898,,
mp-10756,,
mp-7543,,
mp-1008726,,
mp-561480,,
mp-1008625,,
mp-21249,,
mp-11465,,
mp-12598,,
mp-1017516,,
mp-5615,,
mp-8320,,
mp-14285,,
mp-23956,,
mp-519,,
mp-17092,,
mp-7812,,
mp-1831,,
mp-24291,,
mp-22851,,
mp-921,,
mp-21508,,
mp-16494,,
mp-20010,,
mp-1009538,,
mp-21054,,
mp-20203,,
mp-11350,,
mp-4984,,
mp-6204,,
mp-12077,,
mp-12953,,
mp-19414,,
mp-551918,,
mp-10904,,
mp-9173,,
mp-9306,,
mp-22568,,
mp-20034,,
mp-22460,,
mp-1002183,,
mp-12533,,
mp-11342,,
mp-13495,,
mp-30763,,
mp-9371,,
mp-568705,,
mp-30045,,
mp-7804,,
mp-2552,,
mp-2207,,
mp-29641,,
mp-23227,,
mp-559691,,
mp-23713,,
mp-20067,,
mp-29665,,
mp-218,,
mp-11407,,
mp-6174,,
mp-28376,,
mp-568974,,
mp-1664,,
mp-19405,,
mp-30273,,
mp-6065,,
mp-6543,,
mp-10615,,
mp-1008395,,
mp-11285,,
mp-22626,,
mp-2501,,
mp-567278,,
mp-6092,,
mp-8484,,
mp-2512,,
mp-11506,,
mp-1009735,,
mp-504908,,
mp-1281,,
mp-1868,,
mp-315,,
mp-948,,
mp-2744,,
mp-30600,,
mp-30528,,
mp-569125,,
mp-395,,
mp-4979,,
mp-510536,,
mp-10637,,
mp-806,,
mp-416,,
mp-8937,,
mp-30613,,
mp-8375,,
mp-30821,,
mp-570172,,
mp-15965,,
mp-1275,,
mp-557259,,
mp-21157,,
mp-9922,,
mp-29210,,
mp-8177,,
mp-568284,,
mp-561543,,
mp-1018794,,
mp-1009663,,
mp-32780,,
mp-23192,,
mp-568718,,
mp-9006,,
mp-10394,,
mp-30866,,
mp-13434,,
mp-5489,,
mp-28711,,
mp-19086,,
mp-4789,,
mp-557403,,
mp-982,,
mp-37,,
mp-11457,,
mp-2226,,
mp-4756,,
mp-27148,,
mp-328,,
mp-4982,,
mp-570691,,
mp-1018022,,
mp-697133,,
mp-12360,,
mp-27304,,
mp-949,,
mp-11557,,
mp-8881,,
mp-12743,,
mp-11555,,
mp-30849,,
mp-567789,,
mp-2811,,
mp-997617,,
mp-30501,,
mp-23291,,
mp-997618,,
mp-570752,,
mp-22227,,
mp-21185,,
mp-20465,,
mp-484,,
mp-11725,,
mp-4196,,
mp-2085,,
mp-21425,,
mp-567276,,
mp-1018751,,
mp-999396,,
mp-3589,,
mp-30460,,
mp-1087,,
mp-16526,,
mp-1008526,,
mp-33137,,
mp-27176,,
mp-27934,,
mp-30673,,
mp-10172,,
mp-5840,,
mp-15885,,
mp-2815,,
mp-2316,,
mp-1667,,
mp-1224,,
mp-10025,,
mp-30840,,
mp-8938,,
mp-623024,,
mp-16860,,
mp-22849,,
mp-7426,,
mp-1008285,,
mp-20522,,
mp-1006878,,
mp-2170,,
mp-12751,,
mp-1019743,,
mp-567458,,
mp-3329,,
mp-567505,,
mp-20581,,
mp-10300,,
mp-540924,,
mp-1018798,,
mp-20952,,
mp-10261,,
mp-2667,,
mp-19940,,
mp-994,,
mp-6794,,
mp-4408,,
mp-27904,,
mp-999120,,
mp-18937,,
mp-1358,,
mp-10861,,
mp-3032,,
mp-16267,,
mp-22463,,
mp-14069,,
mp-17045,,
mp-2275,,
mp-5323,,
mp-5251,,
mp-570578,,
mp-13944,,
mp-105,,
mp-1018050,,
mp-569267,,
mp-567366,,
mp-832,,
mp-22323,,
mp-567574,,
mp-568556,,
mp-10046,,
mp-8943,,
mp-11343,,
mp-27927,,
mp-570784,,
mp-554355,,
mp-28897,,
mp-18695,,
mp-13542,,
mp-10076,,
mp-556562,,
mp-842,,
mp-978853,,
mp-28683,,
mp-13172,,
mp-14205,,
mp-999124,,
mp-1215,,
mp-1018009,,
mp-1018030,,
mp-27638,,
mp-2880,,
mp-11038,,
mp-15684,,
mp-15780,,
mp-569834,,
mp-12058,,
mp-4025,,
mp-864603,,
mp-30582,,
mp-2605,,
mp-16356,,
mp-22095,,
mp-23230,,
mp-13076,,
mp-20050,,
mp-8789,,
mp-7881,,
mp-11578,,
mp-1581,,
mp-3173,,
mp-24012,,
mp-12059,,
mp-2011,,
mp-21199,,
mp-4472,,
mp-999067,,
mp-232,,
mp-4840,,
mp-7921,,
mp-29806,,
mp-567503,,
mp-2016,,
mp-10402,,
mp-7405,,
mp-13053,,
mp-597,,
mp-1914,,
mp-9921,,
mp-20214,,
mp-1578,,
mp-568696,,
mp-11490,,
mp-1406,,
mp-30817,,
mp-568505,,
mp-542791,,
mp-1009017,,
mp-570050,,
mp-550,,
mp-999249,,
mp-20849,,
mp-7834,,
mp-1018134,,
mp-827,,
mp-899,,
mp-21343,,
mp-4583,,
mp-1009483,,
mp-1018818,,
mp-22939,,
mp-2034,,
mp-998883,,
mp-8187,,
mp-31405,,
mp-179,,
mp-10185,,
mp-2534,,
mp-580,,
mp-1424,,
mp-28592,,
mp-1009217,,
mp-1018126,,
mp-1020019,,
mp-569807,,
mp-580364,,
mp-7163,,
mp-1825,,
mp-6945,,
mp-556194,,
mp-5934,,
mp-3494,,
mp-5605,,
mp-4524,,
mp-11261,,
mp-649774,,
mp-19795,,
mp-542429,,
mp-27421,,
mp-28952,,
mp-2499,,
mp-1007660,,
mp-27668,,
mp-1526,,
mp-1002136,,
mp-6951,,
mp-5399,,
mp-10602,,
mp-30727,,
mp-672371,,
mp-23188,,
mp-877,,
mp-549970,,
mp-35082,,
mp-30774,,
mp-8074,,
mp-20497,,
mp-11533,,
mp-10186,,
mp-2199,,
mp-24409,,
mp-12599,,
mp-568404,,
mp-1346,,
mp-841,,
mp-389,,
mp-1018062,,
mp-10187,,
mp-1926,,
mp-20358,,
mp-1220,,
mp-1008931,,
mp-23804,,
mp-425,,
mp-6494,,
mp-4138,,
mp-900,,
mp-10761,,
mp-34202,,
mp-20439,,
mp-7239,,
mp-637179,,
mp-556264,,
mp-672645,,
mp-22260,,
mp-20318,,
mp-7914,,
mp-11571,,
mp-8096,,
mp-1274,,
mp-20862,,
mp-22546,,
mp-15622,,
mp-3093,,
mp-4972,,
mp-20924,,
mp-571271,,
mp-27677,,
mp-8936,,
mp-16521,,
mp-1307,,
mp-6968,,
mp-23205,,
mp-998949,,
mp-938,,
mp-4355,,
mp-8126,,
mp-30338,,
mp-22151,,
mp-24728,,
mp-22496,,
mp-10033,,
mp-21321,,
mp-92,,
mp-15837,,
mp-2233,,
mp-1873,,
mp-12073,,
mp-1222,,
mp-1019361,,
mp-571163,,
mp-370,,
mp-1299,,
mp-9575,,
mp-1018097,,
mp-10897,,
mp-1002222,,
mp-24205,,
mp-10366,,
mp-13007,,
mp-7083,,
mp-570722,,
mp-15895,,
mp-569511,,
mp-568803,,
mp-20898,,
mp-7754,,
mp-23047,,
mp-12773,,
mp-374,,
mp-1007975,,
mp-30834,,
mp-15796,,
mp-4448,,
mp-7592,,
mp-2682,,
mp-1400,,
mp-568711,,
mp-50,,
mp-7092,,
mp-24155,,
mp-1020011,,
mp-5639,,
mp-2653,,
mp-20686,,
mp-4573,,
mp-1019272,,
mp-20446,,
mp-581754,,
mp-510401,,
mp-1383,,
mp-29674,,
mp-1958,,
mp-2104,,
mp-16734,,
mp-7502,,
mp-30360,,
mp-6959,,
mp-1695,,
mp-30459,,
mp-7936,,
mp-4730,,
mp-27747,,
mp-169,,
mp-871,,
mp-9225,,
mp-7786,,
mp-5159,,
mp-669,,
mp-2515,,
mp-35785,,
mp-11256,,
mp-13100,,
mp-20128,,
mp-2633,,
mp-1018087,,
mp-1580,,
mp-13118,,
mp-4471,,
mp-13920,,
mp-10157,,
mp-11397,,
mp-252,,
mp-2052,,
mp-9351,,
mp-570377,,
mp-6493,,
mp-22740,,
mp-567279,,
mp-4142,,
mp-5513,,
mp-258,,
mp-570554,,
mp-11251,,
mp-556034,,
mp-558694,,
mp-7143,,
mp-570293,,
mp-2364,,
mp-11596,,
mp-4768,,
mp-8601,,
mp-8276,,
mp-80,,
mp-570896,,
mp-450,,
mp-1017507,,
mp-569028,,
mp-973185,,
mp-542777,,
mp-1407,,
mp-567630,,
mp-30933,,
mp-6985,,
mp-1118,,
mp-10844,,
mp-21188,,
mp-1727,,
mp-23179,,
mp-2768,,
mp-12779,,
mp-1018071,,
mp-11697,,
mp-569568,,
mp-117,,
mp-29374,,
mp-20237,,
mp-999377,,
mp-12647,,
mp-2089,,
mp-5104,,
mp-9845,,
mp-16913,,
mp-10240,,
mp-8639,,
mp-23058,,
mp-862,,
mp-19921,,
mp-28,,
mp-12648,,
mp-1477,,
mp-29091,,
mp-570930,,
mp-5929,,
mp-2393,,
mp-7131,,
mp-5200,,
mp-31368,,
mp-950,,
mp-3415,,
mp-20456,,
mp-694,,
mp-1473,,
mp-1009819,,
mp-5078,,
mp-1811,,
mp-21306,,
mp-583030,,
mp-4433,,
mp-3553,,
mp-570437,,
mp-2062,,
mp-30820,,
mp-6961,,
mp-8249,,
mp-24192,,
mp-7225,,
mp-570744,,
mp-2831,,
mp-4519,,
mp-23289,,
mp-15819,,
mp-23251,,
mp-5400,,
mp-22977,,
mp-16033,,
mp-22258,,
mp-3094,,
mp-556464,,
mp-8577,,
mp-567807,,
mp-1332,,
mp-9968,,
mp-4628,,
mp-7554,,
mp-7469,,
mp-11252,,
mp-15659,,
mp-1818,,
mp-5501,,
mp-10955,,
mp-3924,,
mp-7947,,
mp-571035,,
mp-4013,,
mp-1017987,,
mp-999264,,
mp-20731,,
mp-1018709,,
mp-15781,,
mp-15687,,
mp-718,,
mp-3437,,
mp-555229,,
mp-1018024,,
mp-7988,,
mp-226,,
mp-22646,,
mp-6408,,
mp-22271,,
mp-12558,,
mp-973633,,
mp-10688,,
mp-11593,,
mp-4574,,
mp-972406,,
mp-559200,,
mp-2426,,
mp-998968,,
mp-28282,,
mp-9989,,
mp-629015,,
mp-560936,,
mp-1025,,
mp-30587,,
mp-16745,,
mp-2823,,
mp-11546,,
mp-29025,,
mp-27425,,
mp-20533,,
mp-1009005,,
mp-10645,,
mp-30178,,
mp-2459,,
mp-1851,,
mp-11283,,
mp-5197,,
mp-19893,,
mp-11549,,
mp-13502,,
mp-1402,,
mp-2293,,
mp-16764,,
mp-30784,,
mp-603719,,
mp-62,,
mp-2075,,
mp-146,,
mp-19442,,
mp-11534,,
mp-21276,,
mp-30819,,
mp-1008349,,
mp-560203,,
mp-470,,
mp-2283,,
mp-30465,,
mp-510421,,
mp-10181,,
mp-5852,,
mp-9272,,
mp-2858,,
mp-1009814,,
mp-10749,,
mp-2932,,
mp-13071,,
mp-22636,,
mp-569066,,
mp-1018683,,
mp-9564,,
mp-4969,,
mp-30044,,
mp-30717,,
mp-510412,,
mp-10435,,
mp-417,,
mp-30655,,
mp-1557,,
mp-11484,,
mp-2746,,
mp-1001824,,
mp-7777,,
mp-643063,,
mp-1880,,
mp-7779,,
mp-22300,,
mp-11274,,
mp-999187,,
mp-2324,,
mp-21359,,
mp-10894,,
mp-3336,,
mp-3164,,
mp-30764,,
mp-30490,,
mp-7962,,
mp-7948,,
mp-21236,,
mp-560671,,
mp-2949,,
mp-20432,,
mp-1563,,
mp-17524,,
mp-1008634,,
mp-570557,,
mp-1009533,,
mp-559939,,
mp-28013,,
mp-10687,,
mp-1145,,
mp-387,,
mp-572,,
mp-7251,,
mp-2895,,
mp-999484,,
mp-23918,,
mp-1020,,
mp-20389,,
mp-11959,,
mp-11565,,
mp-10422,,
mp-11233,,
mp-21609,,
mp-505599,,
mp-2927,,
mp-11239,,
mp-10711,,
mp-16993,,
mp-1341,,
mp-568411,,
mp-19774,,
mp-4131,,
mp-16304,,
mp-567626,,
mp-10456,,
mp-4287,,
mp-1956,,
mp-30177,,
mp-3128,,
mp-20817,,
mp-22925,,
mp-999117,,
mp-9459,,
mp-11467,,
mp-7187,,
mp-3807,,
mp-10910,,
mp-18778,,
mp-5671,,
mp-20233,,
mp-23250,,
mp-1102,,
mp-3693,,
mp-22867,,
mp-30788,,
mp-8846,,
mp-5170,,
mp-3047,,
mp-546633,,
mp-11388,,
mp-571033,,
mp-1394,,
mp-1018096,,
mp-22262,,
mp-5784,,
mp-554278,,
mp-8175,,
mp-557862,,
mp-4198,,
mp-12801,,
mp-23033,,
mp-571342,,
mp-8275,,
mp-8123,,
mp-570485,,
mp-569685,,
mp-501,,
mp-20745,,
mp-12983,,
mp-1159,,
mp-10165,,
mp-3142,,
mp-1502,,
mp-728,,
mp-998969,,
mp-542488,,
mp-569,,
mp-571506,,
mp-23432,,
mp-8932,,
mp-1019100,,
mp-11832,,
mp-9085,,
mp-18740,,
mp-21019,,
mp-1481,,
mp-1620,,
mp-20401,,
mp-20605,,
mp-12546,,
mp-569408,,
mp-9061,,
mp-129,,
mp-20196,,
mp-1828,,
mp-867348,,
mp-7275,,
mp-20768,,
mp-13946,,
mp-2637,,
mp-19384,,
mp-20466,,
mp-22152,,
mp-639789,,
mp-20144,,
mp-7555,,
mp-1756,,
mp-616440,,
mp-973217,,
mp-696497,,
mp-30846,,
mp-7889,,
mp-999207,,
mp-10598,,
mp-682,,
mp-625,,
mp-927,,
mp-23299,,
mp-7390,,
mp-552738,,
mp-17413,,
mp-1019357,,
mp-7068,,
mp-30800,,
mp-984729,,
mp-8401,,
mp-10564,,
mp-23281,,
mp-1550,,
mp-10886,,
mp-3827,,
mp-25,,
mp-1860,,
mp-2567,,
mp-638,,
mp-30858,,
mp-401,,
mp-637575,,
mp-27666,,
mp-27275,,
mp-9060,,
mp-21158,,
mp-1592,,
mp-23223,,
mp-5429,,
mp-21382,,
mp-16238,,
mp-4104,,
mp-3416,,
mp-24,,
mp-10627,,
mp-10173,,
mp-11449,,
mp-629397,,
mp-20565,,
mp-2281,,
mp-9946,,
mp-11770,,
mp-485,,
mp-3194,,
mp-23231,,
mp-9578,,
mp-30349,,
mp-558432,,
mp-20744,,
mp-568912,,
mp-1009544,,
mp-7066,,
mp-13815,,
mp-445,,
mp-11369,,
mp-22167,,
mp-12931,,
mp-1009458,,
mp-7845,,
mp-744,,
mp-557686,,
mp-634657,,
mp-4124,,
mp-9321,,
mp-5528,,
mp-3982,,
mp-3716,,
mp-4091,,
mp-11267,,
mp-632219,,
mp-437,,
mp-644483,,
mp-8752,,
mp-1009130,,
mp-6917,,
mp-15964,,
mp-5915,,
mp-27693,,
mp-5126,,
mp-2391,,
mp-12778,,
mp-1018949,,
mp-8352,,
mp-13033,,
mp-1553,,
mp-956,,
mp-19862,,
mp-7149,,
mp-6988,,
mp-4798,,
mp-10437,,
mp-4865,,
mp-20735,,
mp-22275,,
mp-8939,,
mp-12766,,
mp-5999,,
mp-9884,,
mp-1152,,
mp-1008630,,
mp-30850,,
mp-22689,,
mp-9672,,
mp-458,,
mp-8732,,
mp-570199,,
mp-569423,,
mp-17701,,
mp-9954,,
mp-29617,,
mp-645,,
mp-1373,,
mp-28448,,
mp-568662,,
mp-558137,,
mp-20949,,
mp-23288,,
mp-3097,,
mp-23922,,
mp-11974,,
mp-2082,,
mp-567601,,
mp-22965,,
mp-605860,,
mp-1008682,,
mp-5983,,
mp-2396,,
mp-30357,,
mp-11345,,
mp-3595,,
mp-2699,,
mp-1018122,,
mp-972048,,
mp-7302,,
mp-29362,,
mp-1547,,
mp-1589,,
mp-12927,,
mp-1688,,
mp-1682,,
mp-10932,,
mp-8098,,
mp-28954,,
mp-8290,,
mp-3771,,
mp-1018151,,
mp-3109,,
mp-23237,,
mp-1263,,
mp-2450,,
mp-1349,,
mp-2247,,
mp-4276,,
mp-3472,,
mp-557373,,
mp-1002105,,
mp-569054,,
mp-1018149,,
mp-12008,,
mp-559598,,
mp-31138,,
mp-1009079,,
mp-19790,,
mp-571279,,
mp-79,,
mp-30591,,
mp-592,,
mp-11250,,
mp-73,,
mp-561664,,
mp-27831,,
mp-11519,,
mp-27255,,
mp-7032,,
mp-1018104,,
mp-14088,,
mp-10198,,
mp-10030,,
mp-567191,,
mp-1474,,
mp-21483,,
mp-6498,,
mp-30842,,
mp-10960,,
mp-8922,,
mp-9819,,
mp-1006883,,
mp-29476,,
mp-10133,,
mp-12764,,
mp-10712,,
mp-9195,,
mp-1755,,
mp-570155,,
mp-253,,
mp-559998,,
mp-7243,,
mp-4593,,
mp-5386,,
mp-6074,,
mp-570454,,
mp-19326,,
mp-20238,,
mp-2639,,
mp-18721,,
mp-1677,,
mp-1364,,
mp-3534,,
mp-24420,,
mp-1008677,,
mp-12006,,
mp-540925,,
mp-567538,,
mp-541365,,
mp-29153,,
mp-856,,
mp-568293,,
mp-9025,,
mp-853,,
mp-4385,,
mp-21024,,
mp-463,,
mp-999054,,
mp-276,,
mp-28357,,
mp-2694,,
mp-3289,,
mp-19359,,
mp-677105,,
mp-8045,,
mp-22441,,
mp-12701,,
mp-13798,,
mp-4252,,
mp-10764,,
mp-22270,,
mp-9385,,
mp-758658,,
mp-365,,
mp-3186,,
mp-4323,,
mp-712,,
mp-18779,,
mp-70,,
mp-21467,,
mp-30504,,
mp-1008556,,
mp-505332,,
mp-31453,,
mp-1545,,
mp-1164,,
mp-20685,,
mp-1100,,
mp-569170,,
mp-20106,,
mp-16032,,
mp-1002124,,
mp-8772,,
mp-13914,,
mp-20941,,
mp-19083,,
mp-4170,,
mp-999576,,
mp-567558,,
mp-29157,,
mp-38725,,
mp-27544,,
mp-504741,,
mp-4612,,
mp-12802,,
mp-16905,,
mp-1018633,,
mp-1001834,,
mp-998988,,
mp-2517,,
mp-19112,,
mp-23208,,
mp-561751,,
mp-754515,,
mp-10163,,
mp-42,,
mp-13311,,
mp-15778,,
mp-30530,,
mp-1018653,,
mp-22488,,
mp-640024,,
mp-5621,,
mp-541899,,
mp-94,,
mp-5756,,
mp-9953,,
mp-12762,,
mp-11492,,
mp-28793,,
mp-23514,,
mp-13683,,
mp-29862,,
mp-157,,
mp-20,,
mp-4043,,
mp-1002221,,
mp-30004,,
mp-568735,,
mp-12863,,
mp-319,,
mp-1352,,
mp-1518,,
mp-29011,,
mp-561827,,
mp-31169,,
mp-16358,,
mp-753181,,
mp-14587,,
mp-1115,,
mp-23722,,
mp-12771,,
mp-1018685,,
mp-567513,,
mp-2434,,
mp-1684,,
mp-30031,,
mp-1128,,
mp-644607,,
mp-13148,,
mp-13090,,
mp-3433,,
mp-1410,,
mp-998981,,
mp-2413,,
mp-3923,,
mp-7090,,
mp-570102,,
mp-24150,,
mp-13512,,
mp-1002184,,
mp-574199,,
mp-5971,,
mp-1066,,
mp-22489,,
mp-165,,
mp-1953,,
mp-556609,,
mp-563,,
mp-571353,,
mp-29364,,
mp-561203,,
mp-11392,,
mp-5318,,
mp-611426,,
mp-7846,,
mp-1067,,
mp-19295,,
mp-3791,,
mp-977,,
mp-4652,,
mp-56,,
mp-27731,,
mp-2642,,
mp-1039,,
mp-555037,,
mp-1874,,
mp-644424,,
mp-5910,,
mp-27726,,
mp-1002228,,
mp-5326,,
mp-20612,,
mp-541937,,
mp-636212,,
mp-3441,,
mp-11836,,
mp-31017,,
mp-4243,,
mp-23313,,
mp-10367,,
mp-9172,,
mp-5504,,
mp-21328,,
mp-11222,,
mp-5111,,
mp-158,,
mp-19094,,
mp-19833,,
mp-4072,,
mp-2841,,
mp-1017441,,
mp-3277,,
mp-23797,,
mp-3034,,
mp-568917,,
mp-28369,,
mp-779689,,
mp-15800,,
mp-1052,,
mp-1121,,
mp-1017467,,
mp-19963,,
mp-9208,,
mp-30434,,
mp-23406,,
mp-569779,,
mp-6939,,
mp-28782,,
mp-10469,,
mp-16320,,
mp-1641,,
mp-644225,,
mp-23487,,
mp-2947,,
mp-23488,,
mp-936,,
mp-1019564,,
mp-1009878,,
mp-22304,,
mp-8830,,
mp-31182,,
mp-569073,,
mp-7937,,
mp-28753,,
mp-505319,,
mp-20279,,
mp-16287,,
mp-19424,,
mp-30344,,
mp-2630,,
mp-7073,,
mp-1169,,
mp-1002227,,
mp-998947,,
mp-23052,,
mp-8454,,
mp-999069,,
mp-647164,,
mp-813,,
mp-999502,,
mp-1014231,,
mp-18875,,
mp-27882,,
mp-2486,,
mp-1797,,
mp-2019,,
mp-30746,,
mp-30083,,
mp-6179,,
mp-3726,,
mp-11,,
mp-21462,,
mp-9069,,
mp-21202,,
mp-9665,,
mp-375,,
mp-17129,,
mp-1007824,,
mp-567744,,
mp-5652,,
mp-2775,,
mp-11512,,
mp-7003,,
mp-613523,,
mp-545529,,
mp-4492,,
mp-10373,,
mp-1019508,,
mp-2593,,
mp-4836,,
mp-2424,,
mp-1918,,
mp-541753,,
mp-550433,,
mp-5752,,
mp-1793,,
mp-2156,,
mp-11539,,
mp-22268,,
mp-19814,,
mp-1272,,
mp-19219,,
mp-557133,,
mp-22739,,
mp-5193,,
mp-505515,,
mp-952,,
mp-570354,,
mp-1017466,,
mp-12620,,
mp-13254,,
mp-27743,,
mp-390,,
mp-28230,,
mp-10256,,
mp-7387,,
mp-1377,,
mp-632808,,
mp-10200,,
mp-24289,,
mp-644419,,
mp-8579,,
mp-21476,,
mp-571566,,
mp-567416,,
mp-569875,,
mp-1937,,
mp-22787,,
mp-567308,,
mp-2186,,
mp-9799,,
mp-5967,,
mp-22394,,
mp-8085,,
mp-999378,,
mp-76,,
mp-4824,,
mp-3163,,
mp-31119,,
mp-1019138,,
mp-27636,,
mp-11375,,
mp-27971,,
mp-505368,,
mp-7922,,
mp-7480,,
mp-556,,
mp-9761,,
mp-569737,,
mp-643265,,
mp-7477,,
mp-3887,,
mp-985439,,
mp-5127,,
mp-9571,,
mp-16516,,
mp-22736,,
mp-11300,,
mp-1001825,,
mp-571500,,
mp-28020,,
mp-137,,
mp-21,,
mp-11584,,
mp-554822,,
mp-569567,,
mp-13308,,
mp-505005,,
mp-804,,
mp-2647,,
mp-1687,,
mp-644751,,
mp-2210,,
mp-20541,,
mp-10213,,
mp-3539,,
mp-29175,,
mp-22191,,
mp-1018026,,
mp-11359,,
mp-5787,,
mp-1018165,,
mp-8882,,
mp-3378,,
mp-19784,,
mp-8236,,
mp-21893,,
mp-1501,,
mp-7359,,
mp-2114,,
mp-570886,,
mp-10753,,
mp-21186,,
mp-7576,,
mp-1734,,
mp-554451,,
mp-102,,
mp-23229,,
mp-7524,,
mp-2658,,
mp-1008881,,
mp-11561,,
mp-31205,,
mp-20896,,
mp-30650,,
mp-23292,,
mp-13475,,
mp-2143,,
mp-929,,
mp-3203,,
mp-644246,,
mp-623134,,
mp-9664,,
mp-810,,
mp-10638,,
mp-570140,,
mp-5022,,
mp-23265,,
mp-1571,,
mp-10106,,
mp-30493,,
mp-28549,,
mp-781625,,
mp-5221,,
mp-11276,,
mp-542496,,
mp-7544,,
mp-30453,,
mp-10247,,
mp-344,,
mp-3022,,
mp-5014,,
mp-569018,,
mp-9776,,
mp-22609,,
mp-6972,,
mp-8682,,
mp-974435,,
mp-9835,,
mp-568002,,
mp-10778,,
mp-557559,,
mp-684673,,
mp-31337,,
mp-230,,
mp-12782,,
mp-504935,,
mp-31379,,
mp-16751,,
mp-2662,,
mp-11734,,
mp-10182,,
mp-10040,,
mp-2455,,
mp-1108,,
mp-3698,,
mp-1114,,
mp-608555,,
mp-12951,,
mp-2812,,
mp-7430,,
mp-97,,
mp-7263,,
mp-9960,,
mp-3349,,
mp-541047,,
mp-23702,,
mp-3889,,
mp-9988,,
mp-1017578,,
mp-747,,
mp-23305,,
mp-5288,,
mp-1766,,
mp-8818,,
mp-3283,,
mp-1008568,,
mp-29243,,
mp-1539,,
mp-4081,,
mp-571555,,
mp-2498,,
mp-979265,,
mp-10750,,
mp-15635,,
mp-1008798,,
mp-1606,,
mp-1018712,,
mp-7760,,
mp-16733,,
mp-20369,,
mp-567655,,
mp-1371,,
mp-2597,,
mp-8672,,
mp-571249,,
mp-30419,,
mp-22905,,
mp-29898,,
mp-4876,,
mp-1009594,,
mp-541989,,
mp-18849,,
mp-29889,,
mp-31459,,
mp-11661,,
mp-1008559,,
mp-551,,
mp-23471,,
mp-1556,,
mp-556424,,
mp-10873,,
mp-8771,,
mp-1027,,
mp-3158,,
mp-1209,,
mp-552454,,
mp-10,,
mp-556536,,
mp-7918,,
mp-3805,,
mp-10883,,
mp-1718,,
mp-27839,,
mp-11667,,
mp-23085,,
mp-3650,,
mp-339,,
mp-1434,,
mp-2697,,
mp-972,,
mp-2678,,
mp-20418,,
mp-10408,,
mp-510623,,
mp-978275,,
mp-5976,,
mp-1009020,,
mp-1646,,
mp-30183,,
mp-542854,,
mp-336,,
mp-1909,,
mp-570197,,
mp-13725,,
mp-4410,,
mp-1221,,
mp-9972,,
mp-6963,,
mp-474,,
mp-1018068,,
mp-30497,,
mp-12759,,
mp-10259,,
mp-11309,,
mp-10729,,
mp-546790,,
mp-10086,,
mp-981,,
mp-6812,,
mp-22962,,
mp-18912,,
mp-571493,,
mp-22493,,
mp-4720,,
mp-505782,,
mp-561033,,
mp-8436,,
mp-22870,,
mp-13097,,
mp-1002223,,
mp-1359,,
mp-28553,,
mp-1018664,,
mp-866046,,
mp-31457,,
mp-7908,,
mp-4664,,
mp-27409,,
mp-7848,,
mp-12602,,
mp-8310,,
mp-10201,,
mp-3931,,
mp-569628,,
mp-998964,,
mp-309,,
mp-11498,,
mp-3686,,
mp-28391,,
mp-20353,,
mp-29618,,
mp-23056,,
mp-999072,,
mp-4429,,
mp-22877,,
mp-569120,,
mp-12137,,
mp-20525,,
mp-2705,,
mp-9912,,
mp-20012,,
mp-2294,,
mp-569522,,
mp-21164,,
mp-3591,,
mp-1476,,
mp-568014,,
mp-21391,,
mp-15789,,
mp-1189,,
mp-1773,,
mp-22514,,
mp-10744,,
mp-546898,,
mp-11302,,
mp-23157,,
mp-570091,,
mp-23526,,
mp-614603,,
mp-589,,
mp-556125,,
mp-12382,,
mp-29154,,
mp-6912,,
mp-7851,,
mp-1008631,,
mp-5309,,
mp-567589,,
mp-556742,,
mp-1895,,
mp-27630,,
mp-10896,,
mp-553303,,
mp-1009733,,
mp-22871,,
mp-11286,,
mp-1017580,,
mp-6270,,
mp-1008277,,
mp-2097,,
mp-16718,,
mp-4366,,
mp-8208,,
mp-2510,,
mp-1777,,
mp-1378,,
mp-644504,,
mp-9919,,
mp-12910,,
mp-1018718,,
mp-3917,,
mp-10284,,
mp-20298,,
mp-30571,,
mp-568384,,
mp-20754,,
mp-1260,,
mp-838,,
mp-22036,,
mp-634,,
mp-4065,,
mp-11573,,
mp-22556,,
mp-16513,,
mp-12693,,
mp-381,,
mp-5951,,
mp-8963,,
mp-1019550,,
mp-20354,,
mp-7913,,
mp-30816,,
mp-1018644,,
mp-558674,,
mp-7400,,
mp-10967,,
mp-7704,,
mp-23297,,
mp-1002207,,
mp-8996,,
mp-569228,,
mp-9566,,
mp-348,,
mp-21012,,
mp-28614,,
mp-31441,,
mp-1020622,,
mp-21197,,
mp-13459,,
mp-15178,,
mp-10274,,
mp-314,,
mp-1007823,,
mp-1006882,,
mp-27837,,
mp-12411,,
mp-21104,,
mp-605028,,
mp-9254,,
mp-27145,,
mp-665,,
mp-23715,,
mp-731,,
mp-2142,,
mp-1842,,
mp-15963,,
mp-2964,,
mp-16565,,
mp-464,,
mp-7188,,
mp-20841,,
mp-720,,
mp-237,,
mp-541,,
mp-16305,,
mp-10905,,
mp-11418,,
mp-1821,,
mp-1180,,
mp-21765,,
mp-22050,,
mp-2358,,
mp-22894,,
mp-3822,,
mp-4236,,
mp-10985,,
mp-2564,,
mp-505297,,
mp-19974,,
mp-14142,,
mp-9549,,
mp-7439,,
mp-23850,,
mp-3678,,
mp-22922,,
mp-1018079,,
mp-7878,,
mp-35143,,
mp-8256,,
mp-30808,,
mp-4536,,
mp-6353,,
mp-3390,,
mp-29733,,
mp-22996,,
mp-20716,,
mp-561536,,
mp-1020118,,
mp-999198,,
mp-2738,,
mp-361,,
mp-22903,,
mp-568598,,
mp-45,,
mp-36,,
mp-684031,,
mp-2172,,
mp-1031,,
mp-11021,,
mp-999357,,
mp-10694,,
mp-2991,,
mp-11567,,
mp-10930,,
mp-5046,,
mp-30485,,
mp-8724,,
mp-643,,
mp-739,,
mp-20521,,
mp-30578,,
mp-557772,,
mp-697030,,
mp-571322,,
mp-4878,,
mp-11480,,
mp-722913,,
mp-558636,,
mp-581786,,
mp-21363,,
mp-505198,,
mp-11107,,
mp-30468,,
mp-2231,,
mp-23255,,
mp-31031,,
mp-6058,,
mp-640266,,
mp-1367,,
mp-30570,,
mp-1018940,,
mp-1062,,
mp-11299,,
mp-27608,,
mp-2260,,
mp-2493,,
mp-862754,,
mp-12444,,
mp-2783,,
mp-981379,,
mp-567767,,
mp-1018130,,
mp-28797,,
mp-607475,,
mp-569600,,
mp-24154,,
mp-690789,,
mp-27682,,
mp-8557,,
mp-22149,,
mp-2729,,
mp-817,,
mp-1018164,,
mp-600,,
mp-2507,,
mp-20983,,
mp-19824,,
mp-5215,,
mp-947,,
mp-2553,,
mp-16524,,
mp-643754,,
mp-19080,,
mp-1009230,,
mp-1708,,
mp-20440,,
mp-569391,,
mp-15621,,
mp-987,,
mp-1543,,
mp-29868,,
mp-3871,,
mp-4998,,
mp-4175,,
mp-571188,,
mp-1008498,,
mp-643260,,
mp-4189,,
mp-19934,,
mp-999188,,
mp-24658,,
mp-4989,,
mp-510347,,
mp-7977,,
mp-844,,
mp-8435,,
mp-5821,,
mp-3006,,
mp-18814,,
mp-567771,,
mp-11431,,
mp-16648,,
mp-2363,,
mp-11984,,
mp-1009545,,
mp-20352,,
mp-556041,,
mp-10144,,
mp-5146,,
mp-1007690,,
mp-8843,,
mp-363,,
mp-3623,,
mp-1395,,
mp-28896,,
mp-1018148,,
mp-8634,,
mp-4590,,
mp-10785,,
mp-29308,,
mp-570713,,
mp-1598,,
mp-1157,,
mp-570136,,
mp-251,,
mp-570466,,
mp-2819,,
mp-10700,,
mp-11834,,
mp-19421,,
mp-378,,
mp-1018684,,
mp-541289,,
mp-4009,,
mp-1008813,,
mp-3689,,
mp-20826,,
mp-21481,,
mp-1009646,,
mp-3340,,
mp-30848,,
mp-31467,,
mp-8927,,
mp-5451,,
mp-755,,
mp-30551,,
mp-11387,,
mp-87,,
mp-31503,,
mp-567540,,
mp-30725,,
mp-642659,,
mp-21418,,
mp-2724,,
mp-19177,,
mp-3376,,
mp-2663,,
mp-265,,
mp-9631,,
mp-151,,
mp-5508,,
mp-7427,,
mp-7591,,
mp-11958,,
mp-545974,,
mp-1009077,,
mp-1009792,,
mp-1009696,,
mp-23709,,
mp-1007666,,
mp-10379,,
mp-11973,,
mp-20828,,
mp-23038,,
mp-9124,,
mp-31212,,
mp-14091,,
mp-866650,,
mp-9970,,
mp-7038,,
mp-9924,,
mp-266,,
mp-2850,,
mp-10159,,
mp-2178,,
mp-600125,,
mp-571664,,
mp-567097,,
mp-30818,,
mp-2691,,
mp-632319,,
mp-2500,,
mp-568541,,
mp-1008642,,
mp-22159,,
mp-977428,,
mp-22712,,
mp-571126,,
mp-680677,,
mp-4842,,
mp-545788,,
mp-27861,,
mp-11615,,
mp-20296,,
mp-1017581,,
mp-1558,,
mp-560663,,
mp-9472,,
mp-797,,
mp-30722,,
mp-11870,,
mp-13121,,
mp-22390,,
mp-7961,,
mp-16645,,
mp-999540,,
mp-568146,,
mp-1009459,,
mp-20865,,
mp-557533,,
mp-7857,,
mp-569346,,
mp-30780,,
mp-22784,,
mp-570912,,
mp-545482,,
mp-546973,,
mp-10132,,
mp-2484,,
mp-4071,,
mp-2152,,
mp-8062,,
mp-555014,,
mp-31120,,
mp-29666,,
mp-27849,,
mp-999266,,
mp-21140,,
mp-4895,,
mp-9200,,
mp-10207,,
mp-18906,,
mp-28232,,
mp-30671,,
mp-5407,,
mp-28838,,
mp-10018,,
mp-29026,,
mp-6999,,
mp-7104,,
mp-5186,,
mp-582011,,
mp-567723,,
mp-1890,,
mp-20531,,
mp-3161,,
mp-2529,,
mp-568673,,
mp-2343,,
mp-8001,,
mp-999390,,
mp-567456,,
mp-2877,,
mp-999498,,
mp-81,,
mp-814,,
mp-21910,,
mp-23041,,
mp-2160,,
mp-3442,,
mp-9473,,
mp-19948,,
mp-4368,,
mp-7880,,
mp-1955,,
mp-12862,,
mp-2251,,
mp-776,,
mp-620054,,
mp-641526,,
mp-9964,,
mp-384,,
mp-10039,,
mp-11235,,
mp-131,,
mp-10026,,
mp-568607,,
mp-5313,,
mp-22913,,
mp-2311,,
mp-6954,,
mp-753721,,
mp-1018051,,
mp-2068,,
mp-1061,,
mp-10913,,
mp-10633,,
mp-1008557,,
mp-1785,,
mp-3701,,
mp-23317,,
mp-20484,,
mp-19407,,
mp-568891,,
mp-1097,,
mp-213,,
mp-19734,,
mp-3477,,
mp-8221,,
mp-4864,,
mp-4382,,
mp-22446,,
mp-27194,,
mp-12004,,
mp-999516,,
mp-30307,,
mp-15322,,
mp-27821,,
mp-567347,,
mp-2730,,
mp-2914,,
mp-19069,,
mp-1018814,,
mp-20895,,
mp-569167,,
mp-13535,,
mp-2600,,
mp-756297,,
mp-685022,,
mp-30807,,
mp-613989,,
mp-672299,,
mp-634381,,
mp-4106,,
mp-4174,,
mp-697,,
mp-1001785,,
mp-2620,,
mp-11826,,
